FNloss,cp,precision,precision_std,recall,recall_std,accuracy,accuracy_std
1,0,0.9398331613347093,0.051171125888633935,0.9470588235294117,0.05150559033946549,0.9427731092436975,0.026839499468656002
1.1,0.017391304347826084,0.9368954248366013,0.07044055970615296,0.9588235294117647,0.05580489988532435,0.9457142857142857,0.04557518519621106
1.2,0,0.9476797385620915,0.07081488968405895,0.9588235294117647,0.05580489988532435,0.9514285714285714,0.04675404841384221
1.3,0,0.9476797385620915,0.07081488968405895,0.9764705882352941,0.030376339970254254,0.96,0.047044148705632276
1.4,0.013664596273291925,0.9480065359477124,0.07078907956980712,0.9823529411764705,0.028414464208214592,0.9628571428571429,0.04675404841384222
1.5,0.012422360248447204,0.9480065359477124,0.07078907956980712,0.9823529411764705,0.028414464208214592,0.9628571428571429,0.04675404841384222
1.6,0.011180124223602483,0.9480065359477124,0.07078907956980712,0.9823529411764705,0.028414464208214592,0.9628571428571429,0.04675404841384222
1.7000000000000002,0.009937888198757761,0.9480065359477124,0.07078907956980712,0.9823529411764705,0.028414464208214592,0.9628571428571429,0.04675404841384222
1.8,0.008695652173913045,0.9480065359477124,0.07078907956980712,0.9823529411764705,0.028414464208214592,0.9628571428571429,0.04675404841384222
1.9,0.007453416149068324,0.9480065359477124,0.07078907956980712,0.9823529411764705,0.028414464208214592,0.9628571428571429,0.04675404841384222
2,0.006211180124223602,0.9480065359477124,0.07078907956980712,0.9823529411764705,0.028414464208214592,0.9628571428571429,0.04675404841384222
2.1,0.0049689440993788804,0.9480065359477124,0.07078907956980712,0.9823529411764705,0.028414464208214592,0.9628571428571429,0.04675404841384222
2.2,0.0037267080745341592,0.9480065359477124,0.07078907956980712,0.9823529411764705,0.028414464208214592,0.9628571428571429,0.04675404841384222
2.3,0.002484472049689443,0.9380065359477124,0.06968273440435176,0.9823529411764705,0.028414464208214592,0.9573015873015873,0.04512238055007092
2.4000000000000004,0.001242236024844716,0.9380065359477124,0.06968273440435176,0.9823529411764705,0.028414464208214592,0.9573015873015873,0.04512238055007092
2.5,0,0.9380065359477124,0.06968273440435176,0.9823529411764705,0.028414464208214592,0.9573015873015873,0.04512238055007092
2.6,0,0.9380065359477124,0.06968273440435176,0.9823529411764705,0.028414464208214592,0.9573015873015873,0.04512238055007092
2.7,0,0.9380065359477124,0.06968273440435176,0.9823529411764705,0.028414464208214592,0.9573015873015873,0.04512238055007092
2.8,0,0.9380065359477124,0.06968273440435176,0.9823529411764705,0.028414464208214592,0.9573015873015873,0.04512238055007092
2.9000000000000004,0,0.9380065359477124,0.06968273440435176,0.9823529411764705,0.028414464208214592,0.9573015873015873,0.04512238055007092
3,0,0.9380065359477124,0.06968273440435176,0.9823529411764705,0.028414464208214592,0.9573015873015873,0.04512238055007092
3.1,0,0.9380065359477124,0.06968273440435176,0.9823529411764705,0.028414464208214592,0.9573015873015873,0.04512238055007092
3.2,0,0.9380065359477124,0.06968273440435176,0.9823529411764705,0.028414464208214592,0.9573015873015873,0.04512238055007092
3.3000000000000003,0,0.9380065359477124,0.06968273440435176,0.9823529411764705,0.028414464208214592,0.9573015873015873,0.04512238055007092
3.4000000000000004,0,0.9380065359477124,0.06968273440435176,0.9823529411764705,0.028414464208214592,0.9573015873015873,0.04512238055007092
3.5,0,0.9380065359477124,0.06968273440435176,0.9823529411764705,0.028414464208214592,0.9573015873015873,0.04512238055007092
3.6,0,0.9380065359477124,0.06968273440435176,0.9823529411764705,0.028414464208214592,0.9573015873015873,0.04512238055007092
3.7,0,0.9324509803921569,0.06632476190174479,0.9823529411764705,0.028414464208214592,0.9543604108309991,0.04293553102055166
3.8000000000000003,0,0.9219246646026832,0.06266508801881561,0.9823529411764705,0.028414464208214592,0.9486461251167133,0.039880322185354415
3.9000000000000004,0,0.932124183006536,0.06626712726682991,0.9764705882352941,0.030376339970254254,0.9515873015873015,0.04266565097052577
4,0,0.9219246646026832,0.06266508801881561,0.9823529411764705,0.028414464208214592,0.9486461251167133,0.039880322185354415
4.1,0,0.9219246646026832,0.06266508801881561,0.9823529411764705,0.028414464208214592,0.9486461251167133,0.039880322185354415
4.2,0,0.9219246646026832,0.06266508801881561,0.9823529411764705,0.028414464208214592,0.9486461251167133,0.039880322185354415
4.300000000000001,0,0.9219246646026832,0.06266508801881561,0.9823529411764705,0.028414464208214592,0.9486461251167133,0.039880322185354415
4.4,0,0.9219246646026832,0.06266508801881561,0.9823529411764705,0.028414464208214592,0.9486461251167133,0.039880322185354415
4.5,0,0.9268954248366013,0.06223887453155546,0.9823529411764705,0.028414464208214592,0.9515032679738562,0.04043905671193367
4.6,0,0.9268954248366013,0.06223887453155546,0.9823529411764705,0.028414464208214592,0.9515032679738562,0.04043905671193367
4.7,0,0.9265686274509803,0.06214500046025302,0.9764705882352941,0.030376339970254254,0.9486461251167133,0.039880322185354415
4.800000000000001,0,0.9380065359477124,0.06968273440435176,0.9823529411764705,0.028414464208214592,0.9573015873015873,0.04512238055007092
4.9,0,0.9219246646026832,0.06266508801881561,0.9823529411764705,0.028414464208214592,0.9486461251167133,0.039880322185354415
5,0,0.9324509803921569,0.06632476190174479,0.9823529411764705,0.028414464208214592,0.9544444444444444,0.042971628390844674
5.1000000000000005,0,0.9265686274509803,0.06214500046025302,0.9764705882352941,0.030376339970254254,0.9486461251167133,0.039880322185354415
5.2,0,0.9268954248366013,0.06223887453155546,0.9823529411764705,0.028414464208214592,0.9515032679738562,0.04043905671193367
5.3,0,0.9265686274509803,0.06214500046025302,0.9764705882352941,0.030376339970254254,0.9486461251167133,0.039880322185354415
5.4,0,0.9274802201582387,0.06718316161859031,0.9823529411764705,0.028414464208214592,0.9515873015873015,0.04266565097052577
5.5,0,0.9274802201582387,0.06718316161859031,0.9823529411764705,0.028414464208214592,0.9515873015873015,0.04266565097052577
5.6000000000000005,0,0.9268954248366013,0.06223887453155546,0.9823529411764705,0.028414464208214592,0.9515032679738562,0.04043905671193367
5.7,0,0.9324509803921569,0.06632476190174479,0.9823529411764705,0.028414464208214592,0.9543604108309991,0.04293553102055166
5.800000000000001,0,0.9265686274509803,0.06214500046025302,0.9764705882352941,0.030376339970254254,0.9486461251167133,0.039880322185354415
5.9,0,0.9274802201582387,0.06718316161859031,0.9823529411764705,0.028414464208214592,0.9515873015873015,0.04266565097052576
6,0,0.916953904368765,0.0626517463999315,0.9823529411764705,0.028414464208214592,0.9457889822595704,0.0390822504200461
6.1000000000000005,6.211180124223635e-4,0.912906285321146,0.0684930975527055,0.9882352941176471,0.024802177726810825,0.9457889822595704,0.045515271997100315
6.2,0.043478260869565216,0.912906285321146,0.0684930975527055,0.9882352941176471,0.024802177726810825,0.9457889822595704,0.045515271997100315
6.300000000000001,0.001863354037267085,0.916953904368765,0.0626517463999315,0.9882352941176471,0.024802177726810825,0.9486461251167133,0.042093301050158585
6.4,0.002484472049689443,0.916953904368765,0.0626517463999315,0.9882352941176471,0.024802177726810825,0.9486461251167133,0.042093301050158585
6.5,0.043478260869565216,0.912906285321146,0.0684930975527055,0.9882352941176471,0.024802177726810825,0.9457889822595704,0.045515271997100315
6.6000000000000005,0.043478260869565216,0.916953904368765,0.0626517463999315,0.9882352941176471,0.024802177726810825,0.9486461251167133,0.042093301050158585
6.7,0.004347826086956523,0.916953904368765,0.0626517463999315,0.9882352941176471,0.024802177726810825,0.9486461251167133,0.042093301050158585
6.800000000000001,0.004968944099378886,0.9219246646026832,0.06266508801881561,0.9882352941176471,0.024802177726810825,0.9515032679738562,0.04262303606551975
6.9,0.005590062111801244,0.9268954248366013,0.06223887453155546,0.9882352941176471,0.024802177726810825,0.9543604108309991,0.04293553102055166
7,0.043478260869565216,0.916953904368765,0.0626517463999315,0.9882352941176471,0.024802177726810825,0.9486461251167133,0.042093301050158585
7.1000000000000005,0.006832298136645966,0.912906285321146,0.0684930975527055,0.9882352941176471,0.024802177726810825,0.9457889822595704,0.045515271997100315
7.2,0.007453416149068324,0.912906285321146,0.0684930975527055,0.9882352941176471,0.024802177726810825,0.9457889822595704,0.045515271997100315
7.300000000000001,0.008074534161490687,0.9178770455550641,0.06883085705986505,0.9882352941176471,0.024802177726810825,0.9486461251167133,0.04620235691696369
7.4,0.043478260869565216,0.912906285321146,0.0684930975527055,0.9882352941176471,0.024802177726810825,0.9457889822595704,0.045515271997100315
7.5,0.043478260869565216,0.912906285321146,0.0684930975527055,0.9882352941176471,0.024802177726810825,0.9457889822595704,0.045515271997100315
7.6000000000000005,0.009937888198757766,0.9219246646026832,0.06266508801881561,0.9882352941176471,0.024802177726810825,0.9515032679738562,0.04262303606551975
7.7,0.010559006211180125,0.9178770455550641,0.06883085705986505,0.9882352941176471,0.024802177726810825,0.9486461251167133,0.04620235691696369
7.800000000000001,0.043478260869565216,0.912906285321146,0.0684930975527055,0.9882352941176471,0.024802177726810825,0.9457889822595704,0.045515271997100315
7.9,0.043478260869565216,0.912906285321146,0.0684930975527055,0.9882352941176471,0.024802177726810825,0.9457889822595704,0.045515271997100315
8,0.043478260869565216,0.912906285321146,0.0684930975527055,0.9882352941176471,0.024802177726810825,0.9457889822595704,0.045515271997100315
8.100000000000001,0.043478260869565216,0.916953904368765,0.0626517463999315,0.9882352941176471,0.024802177726810825,0.9486461251167133,0.042093301050158585
8.2,0.043478260869565216,0.916953904368765,0.0626517463999315,0.9882352941176471,0.024802177726810825,0.9486461251167133,0.042093301050158585
8.3,0.043478260869565216,0.916953904368765,0.0626517463999315,0.9882352941176471,0.024802177726810825,0.9486461251167133,0.042093301050158585
8.4,0.043478260869565216,0.916953904368765,0.0626517463999315,0.9882352941176471,0.024802177726810825,0.9486461251167133,0.042093301050158585
8.5,0.043478260869565216,0.9274802201582387,0.06718316161859031,0.9882352941176471,0.024802177726810825,0.9543604108309991,0.04499850797202463
8.600000000000001,0.043478260869565216,0.931953904368765,0.062796851152499375,0.9882352941176471,0.024802177726810825,0.9572175536881419,0.04303551852855672
8.7,0.043478260869565216,0.916953904368765,0.0626517463999315,0.9882352941176471,0.024802177726810825,0.9486461251167133,0.042093301050158585
8.8,0.043478260869565216,0.916953904368765,0.0626517463999315,0.9882352941176471,0.024802177726810825,0.9486461251167133,0.042093301050158585
8.9,0.043478260869565216,0.9178770455550641,0.06883085705986505,0.9882352941176471,0.024802177726810825,0.9486461251167133,0.046202356916963686
9,0.043478260869565216,0.916953904368765,0.0626517463999315,0.9882352941176471,0.024802177726810825,0.9486461251167133,0.042093301050158585
9.1,0.043478260869565216,0.916953904368765,0.0626517463999315,0.9882352941176471,0.024802177726810825,0.9486461251167133,0.042093301050158585
9.200000000000001,0.043478260869565216,0.912906285321146,0.0684930975527055,0.9882352941176471,0.024802177726810825,0.9457889822595704,0.045515271997100315
9.3,0.043478260869565216,0.916953904368765,0.0626517463999315,0.9882352941176471,0.024802177726810825,0.9486461251167133,0.042093301050158585
9.4,0.043478260869565216,0.912906285321146,0.0684930975527055,0.9882352941176471,0.024802177726810825,0.9457889822595704,0.045515271997100315
9.5,0.043478260869565216,0.916953904368765,0.0626517463999315,0.9882352941176471,0.024802177726810825,0.9486461251167133,0.042093301050158585
9.6,0.043478260869565216,0.916953904368765,0.0626517463999315,0.9882352941176471,0.024802177726810825,0.9486461251167133,0.042093301050158585
9.700000000000001,0.043478260869565216,0.916953904368765,0.0626517463999315,0.9882352941176471,0.024802177726810825,0.9486461251167133,0.042093301050158585
9.8,0.043478260869565216,0.916953904368765,0.0626517463999315,0.9882352941176471,0.024802177726810825,0.9486461251167133,0.042093301050158585
9.9,0.043478260869565216,0.916953904368765,0.0626517463999315,0.9882352941176471,0.024802177726810825,0.9486461251167133,0.042093301050158585
10,0.043478260869565216,0.916953904368765,0.0626517463999315,0.9882352941176471,0.024802177726810825,0.9486461251167133,0.042093301050158585
