"","ntree","mtry","nodesize","maxnodes","RMSE","MAE","R2"
"1",300,10,5,5,0.270514772806522,0.150629097188449,-Inf
"2",400,10,5,5,0.269620972350987,0.15005243673238,-Inf
"3",500,10,5,5,0.269697904051235,0.148198347781371,-Inf
"4",600,10,5,5,0.269375014625497,0.149116088314679,-Inf
"5",700,10,5,5,0.270256060522056,0.1498869710618,-Inf
"6",300,20,5,5,0.270096107768409,0.150206090802734,-Inf
"7",400,20,5,5,0.269222002679701,0.149979441604388,-Inf
"8",500,20,5,5,0.269329658385703,0.149595715434209,-Inf
"9",600,20,5,5,0.271336703420634,0.150442597900762,-Inf
"10",700,20,5,5,0.272106315600198,0.151601545303431,-Inf
"11",300,30,5,5,0.276231880163006,0.154172098987722,-Inf
"12",400,30,5,5,0.270254430631135,0.151048913842239,-Inf
"13",500,30,5,5,0.271963171458995,0.15160708836432,-Inf
"14",600,30,5,5,0.272290755051926,0.152120736211719,-Inf
"15",700,30,5,5,0.272153635689168,0.151872223406879,-Inf
"16",300,40,5,5,0.273448498149819,0.154103878885745,-Inf
"17",400,40,5,5,0.274142926144717,0.153754821558558,-Inf
"18",500,40,5,5,0.275930684896447,0.154446243455442,-Inf
"19",600,40,5,5,0.273517079045458,0.153561953871284,-Inf
"20",700,40,5,5,0.276869581256788,0.15425379683271,-Inf
"21",300,50,5,5,0.273723762176809,0.1545018197682,-Inf
"22",400,50,5,5,0.27733355325832,0.155978150575232,-Inf
"23",500,50,5,5,0.2768257792877,0.155183978326688,-Inf
"24",600,50,5,5,0.27439092203148,0.153790055114607,-Inf
"25",700,50,5,5,0.2761736632362,0.154758022143877,-Inf
"26",300,60,5,5,0.280132597862106,0.15755602641795,-Inf
"27",400,60,5,5,0.27895077537843,0.156260915679748,-Inf
"28",500,60,5,5,0.279101316259974,0.156272939245537,-Inf
"29",600,60,5,5,0.27983178094981,0.156535546215208,-Inf
"30",700,60,5,5,0.279624071228506,0.15720546870884,-Inf
"31",300,10,10,5,0.266885579740282,0.147718176270539,-Inf
"32",400,10,10,5,0.27188457804963,0.150907624183686,-Inf
"33",500,10,10,5,0.270512153684879,0.14973974517353,-Inf
"34",600,10,10,5,0.270254484338544,0.150329733250436,-Inf
"35",700,10,10,5,0.269270446721796,0.14950406891242,-Inf
"36",300,20,10,5,0.272205372179925,0.152634330310595,-Inf
"37",400,20,10,5,0.271214307884654,0.151602427319774,-Inf
"38",500,20,10,5,0.271121706834991,0.151237419399943,-Inf
"39",600,20,10,5,0.272703532438759,0.151365322852428,-Inf
"40",700,20,10,5,0.268305716359492,0.149634708311542,-Inf
"41",300,30,10,5,0.273544070096654,0.15317614659696,-Inf
"42",400,30,10,5,0.272467084604895,0.152354198361813,-Inf
"43",500,30,10,5,0.272479930866311,0.152806737966999,-Inf
"44",600,30,10,5,0.271971779904026,0.151960229466786,-Inf
"45",700,30,10,5,0.273078598973398,0.152585811515265,-Inf
"46",300,40,10,5,0.273892098707233,0.153144836892119,-Inf
"47",400,40,10,5,0.273625465885333,0.153707798639054,-Inf
"48",500,40,10,5,0.271552133563008,0.152453802038675,-Inf
"49",600,40,10,5,0.274883326351775,0.154521802837536,-Inf
"50",700,40,10,5,0.2713717056449,0.152329699229417,-Inf
"51",300,50,10,5,0.27700817452839,0.154925691816568,-Inf
"52",400,50,10,5,0.276873488676466,0.155115040302681,-Inf
"53",500,50,10,5,0.277938259551508,0.156483693812438,-Inf
"54",600,50,10,5,0.276619709292385,0.155184699985528,-Inf
"55",700,50,10,5,0.276656983971394,0.155746777571944,-Inf
"56",300,60,10,5,0.281619557394754,0.157751546333218,-Inf
"57",400,60,10,5,0.278452263778399,0.157135725423369,-Inf
"58",500,60,10,5,0.279211468562447,0.157383948614793,-Inf
"59",600,60,10,5,0.281737657212214,0.158341840083405,-Inf
"60",700,60,10,5,0.278254911669608,0.156793714722817,-Inf
"61",300,10,15,5,0.271254763133034,0.150643956648914,-Inf
"62",400,10,15,5,0.271967274065936,0.150830196555664,-Inf
"63",500,10,15,5,0.272256949382914,0.150717403125625,-Inf
"64",600,10,15,5,0.270381157769232,0.150616687054903,-Inf
"65",700,10,15,5,0.271923009095237,0.150419279621065,-Inf
"66",300,20,15,5,0.270500237140034,0.151189458975476,-Inf
"67",400,20,15,5,0.270979775795922,0.151556343073976,-Inf
"68",500,20,15,5,0.270225088175775,0.150751132711401,-Inf
"69",600,20,15,5,0.271217839812115,0.152224315504498,-Inf
"70",700,20,15,5,0.269912042791375,0.15121644514472,-Inf
"71",300,30,15,5,0.272748074783885,0.152482853670169,-Inf
"72",400,30,15,5,0.273191791623417,0.152174375537541,-Inf
"73",500,30,15,5,0.273615408300616,0.152536143815268,-Inf
"74",600,30,15,5,0.271923533213059,0.152465716901207,-Inf
"75",700,30,15,5,0.274175021573039,0.153732310699774,-Inf
"76",300,40,15,5,0.277147482093793,0.155896774444049,-Inf
"77",400,40,15,5,0.273036980432801,0.154171210039217,-Inf
"78",500,40,15,5,0.273252175452772,0.153602816328475,-Inf
"79",600,40,15,5,0.274506741907531,0.154914609873627,-Inf
"80",700,40,15,5,0.274138869078919,0.153719595233641,-Inf
"81",300,50,15,5,0.276067445761768,0.15518142447548,-Inf
"82",400,50,15,5,0.277116908083979,0.155844044648036,-Inf
"83",500,50,15,5,0.27929032916054,0.156968914166475,-Inf
"84",600,50,15,5,0.27758521740695,0.155852612347081,-Inf
"85",700,50,15,5,0.277347566941035,0.156429215148801,-Inf
"86",300,60,15,5,0.277949257181517,0.156672896779125,-Inf
"87",400,60,15,5,0.277847635937926,0.157107607740118,-Inf
"88",500,60,15,5,0.281438415905743,0.157999758657312,-Inf
"89",600,60,15,5,0.278460113077625,0.156862328942179,-Inf
"90",700,60,15,5,0.278428362269771,0.157064038779121,-Inf
"91",300,10,20,5,0.270422263701463,0.150027428151183,-Inf
"92",400,10,20,5,0.270961293369485,0.150268340628212,-Inf
"93",500,10,20,5,0.270649743775295,0.150277415212311,-Inf
"94",600,10,20,5,0.269179880728168,0.150078556102947,-Inf
"95",700,10,20,5,0.269952421026117,0.150360621644328,-Inf
"96",300,20,20,5,0.272949046780916,0.152680077888359,-Inf
"97",400,20,20,5,0.270652463748921,0.151565927591714,-Inf
"98",500,20,20,5,0.272444695399797,0.151671863676348,-Inf
"99",600,20,20,5,0.270533251758843,0.151292404381554,-Inf
"100",700,20,20,5,0.271901370064735,0.152267974126043,-Inf
"101",300,30,20,5,0.277987431162506,0.156791395849731,-Inf
"102",400,30,20,5,0.272268793324711,0.153891554062804,-Inf
"103",500,30,20,5,0.272683230593979,0.152661926394707,-Inf
"104",600,30,20,5,0.271859796353849,0.152556157997647,-Inf
"105",700,30,20,5,0.273138543873924,0.153437270911841,-Inf
"106",300,40,20,5,0.273953248315865,0.153854250645888,-Inf
"107",400,40,20,5,0.27528996660037,0.155170016319206,-Inf
"108",500,40,20,5,0.274389513634217,0.153717665569301,-Inf
"109",600,40,20,5,0.27690249314069,0.15545056643913,-Inf
"110",700,40,20,5,0.275675574030503,0.155088352090242,-Inf
"111",300,50,20,5,0.277774136849446,0.155990500862543,-Inf
"112",400,50,20,5,0.279283551793442,0.157241012535199,-Inf
"113",500,50,20,5,0.278534988842038,0.15797142489571,-Inf
"114",600,50,20,5,0.277791085110009,0.156035391195774,-Inf
"115",700,50,20,5,0.278465992192329,0.157088697843721,-Inf
"116",300,60,20,5,0.281772154510103,0.158671142430484,-Inf
"117",400,60,20,5,0.28039848790764,0.158475025309579,-Inf
"118",500,60,20,5,0.28236555308908,0.159230368702598,-Inf
"119",600,60,20,5,0.280604478277205,0.158296405356962,-Inf
"120",700,60,20,5,0.28037408662026,0.158216748344603,-Inf
"121",300,10,5,10,0.269725395678559,0.146837097158552,-Inf
"122",400,10,5,10,0.267327516134013,0.146446930865087,-Inf
"123",500,10,5,10,0.2687285600859,0.147557339232336,-Inf
"124",600,10,5,10,0.271211434208239,0.14956071844441,-Inf
"125",700,10,5,10,0.268505667702979,0.14779361981527,-Inf
"126",300,20,5,10,0.269192159307606,0.150543897849671,-Inf
"127",400,20,5,10,0.268041520413123,0.148840210679025,-Inf
"128",500,20,5,10,0.267021847036664,0.149225326204302,-Inf
"129",600,20,5,10,0.269544654334841,0.150616494062532,-Inf
"130",700,20,5,10,0.267987267341199,0.149761439936791,-Inf
"131",300,30,5,10,0.271236171894071,0.153249065934421,-Inf
"132",400,30,5,10,0.270426285324544,0.151400288670268,-Inf
"133",500,30,5,10,0.269382432703839,0.151127989636851,-Inf
"134",600,30,5,10,0.272570724667704,0.152937496794127,-Inf
"135",700,30,5,10,0.268625074895342,0.151431339321978,-Inf
"136",300,40,5,10,0.272816960479064,0.153487302802101,-Inf
"137",400,40,5,10,0.271398119729094,0.152354232966464,-Inf
"138",500,40,5,10,0.269164974764204,0.151664952592733,-Inf
"139",600,40,5,10,0.272299909563821,0.152697024899806,-Inf
"140",700,40,5,10,0.271638797592905,0.15235814304577,-Inf
"141",300,50,5,10,0.275037595684374,0.154426549110697,-Inf
"142",400,50,5,10,0.275464286053434,0.154714091314861,-Inf
"143",500,50,5,10,0.274131936672993,0.153847045351726,-Inf
"144",600,50,5,10,0.272596944717676,0.152698631884551,-Inf
"145",700,50,5,10,0.271898623608953,0.153229661917836,-Inf
"146",300,60,5,10,0.27152817487083,0.15309842448692,-Inf
"147",400,60,5,10,0.27528094507942,0.155984232685531,-Inf
"148",500,60,5,10,0.275474250663342,0.154415394647275,-Inf
"149",600,60,5,10,0.276815162910076,0.156505929108192,-Inf
"150",700,60,5,10,0.276812888943834,0.156069463250791,-Inf
"151",300,10,10,10,0.26709190862503,0.148124694980593,-Inf
"152",400,10,10,10,0.267310947895251,0.147177136576494,-Inf
"153",500,10,10,10,0.270323721845952,0.149844703016946,-Inf
"154",600,10,10,10,0.269886165107104,0.149239094581418,-Inf
"155",700,10,10,10,0.2700180814243,0.149836411434086,-Inf
"156",300,20,10,10,0.26941959429462,0.151546287654141,-Inf
"157",400,20,10,10,0.270742275840923,0.151813852250788,-Inf
"158",500,20,10,10,0.26879090363287,0.150642736967411,-Inf
"159",600,20,10,10,0.268781592754145,0.151498873001331,-Inf
"160",700,20,10,10,0.271055919928785,0.152452170688378,-Inf
"161",300,30,10,10,0.269714756078693,0.152864351418316,-Inf
"162",400,30,10,10,0.270812367432509,0.151946581735423,-Inf
"163",500,30,10,10,0.270437693448431,0.152565428659842,-Inf
"164",600,30,10,10,0.268698752783199,0.151839173119221,-Inf
"165",700,30,10,10,0.268387969816715,0.151433017562553,-Inf
"166",300,40,10,10,0.271189633398016,0.151842380195642,-Inf
"167",400,40,10,10,0.272785460620959,0.153701501969333,-Inf
"168",500,40,10,10,0.269468220220686,0.152391034388813,-Inf
"169",600,40,10,10,0.271873024010167,0.15380162757819,-Inf
"170",700,40,10,10,0.271970971537732,0.1547657685486,-Inf
"171",300,50,10,10,0.272010684671098,0.154629233668366,-Inf
"172",400,50,10,10,0.27584557137832,0.156425953529694,-Inf
"173",500,50,10,10,0.274420673050724,0.155902112179018,-Inf
"174",600,50,10,10,0.274760944341311,0.15603850124885,-Inf
"175",700,50,10,10,0.27383079366481,0.154781248979221,-Inf
"176",300,60,10,10,0.276554573685974,0.156236663950532,-Inf
"177",400,60,10,10,0.27574916108041,0.156568442270132,-Inf
"178",500,60,10,10,0.277355004377068,0.157802472079085,-Inf
"179",600,60,10,10,0.275379026624635,0.155889489174864,-Inf
"180",700,60,10,10,0.275965910285446,0.156845490005331,-Inf
"181",300,10,15,10,0.271992086691187,0.150657641845139,-Inf
"182",400,10,15,10,0.268524514264474,0.148388343387176,-Inf
"183",500,10,15,10,0.270298587590607,0.150212883475803,-Inf
"184",600,10,15,10,0.26870097809065,0.1490156570236,-Inf
"185",700,10,15,10,0.270919259389731,0.150178854855048,-Inf
"186",300,20,15,10,0.269753863361828,0.151710770128548,-Inf
"187",400,20,15,10,0.2681003935862,0.151465509574781,-Inf
"188",500,20,15,10,0.270240902022801,0.151727493132189,-Inf
"189",600,20,15,10,0.270206836497183,0.151972024596829,-Inf
"190",700,20,15,10,0.269397287631757,0.151143332087889,-Inf
"191",300,30,15,10,0.269280494668248,0.152678230318204,-Inf
"192",400,30,15,10,0.268733667192034,0.151700086337122,-Inf
"193",500,30,15,10,0.272794824290556,0.154301367922333,-Inf
"194",600,30,15,10,0.27174355594107,0.153928763926667,-Inf
"195",700,30,15,10,0.271844353075108,0.154097119476685,-Inf
"196",300,40,15,10,0.276568854162799,0.157107521013569,-Inf
"197",400,40,15,10,0.272891096325363,0.155695543353264,-Inf
"198",500,40,15,10,0.273409534585304,0.155722983309752,-Inf
"199",600,40,15,10,0.274499095026517,0.156368866375462,-Inf
"200",700,40,15,10,0.273713055167199,0.155689091599358,-Inf
"201",300,50,15,10,0.274102869123506,0.155624281937585,-Inf
"202",400,50,15,10,0.275747730954101,0.156998647953095,-Inf
"203",500,50,15,10,0.274835390220048,0.1570116131376,-Inf
"204",600,50,15,10,0.276227871476571,0.156073066365097,-Inf
"205",700,50,15,10,0.275629016826444,0.15745866477902,-Inf
"206",300,60,15,10,0.276832106808821,0.158226990713721,-Inf
"207",400,60,15,10,0.277690050861771,0.158050542852449,-Inf
"208",500,60,15,10,0.277464623744876,0.158152837088786,-Inf
"209",600,60,15,10,0.28102127634696,0.159924234194405,-Inf
"210",700,60,15,10,0.276784007963799,0.157629273073139,-Inf
"211",300,10,20,10,0.270865318303434,0.151411039786329,-Inf
"212",400,10,20,10,0.271943890238318,0.150688752569031,-Inf
"213",500,10,20,10,0.269285868541482,0.150092007296815,-Inf
"214",600,10,20,10,0.26994758653764,0.150227178818155,-Inf
"215",700,10,20,10,0.269562232722968,0.14998420656566,-Inf
"216",300,20,20,10,0.269732777964318,0.151949289611197,-Inf
"217",400,20,20,10,0.270544596079982,0.151915503265777,-Inf
"218",500,20,20,10,0.270285152502266,0.151941961841603,-Inf
"219",600,20,20,10,0.271086754997333,0.152873505048336,-Inf
"220",700,20,20,10,0.270965968373935,0.152227807183654,-Inf
"221",300,30,20,10,0.270847862712593,0.153308812178449,-Inf
"222",400,30,20,10,0.270149267462582,0.153871993499093,-Inf
"223",500,30,20,10,0.273033391510748,0.154371860817402,-Inf
"224",600,30,20,10,0.272209626089969,0.1539834798793,-Inf
"225",700,30,20,10,0.272634889203594,0.154681324449882,-Inf
"226",300,40,20,10,0.271374739824884,0.154419222502198,-Inf
"227",400,40,20,10,0.274251710067367,0.156050483970222,-Inf
"228",500,40,20,10,0.271986510981769,0.155225466475563,-Inf
"229",600,40,20,10,0.275002836509153,0.156924524473944,-Inf
"230",700,40,20,10,0.274468074439912,0.156014487167761,-Inf
"231",300,50,20,10,0.278472132829242,0.158032045522585,-Inf
"232",400,50,20,10,0.278371610542027,0.157855546212434,-Inf
"233",500,50,20,10,0.275676217593353,0.157113463921745,-Inf
"234",600,50,20,10,0.274354713947407,0.157330826291062,-Inf
"235",700,50,20,10,0.276962685794575,0.158333245006721,-Inf
"236",300,60,20,10,0.279357300153877,0.158477225361029,-Inf
"237",400,60,20,10,0.279246503856063,0.159028083953923,-Inf
"238",500,60,20,10,0.277983786916492,0.158772579936438,-Inf
"239",600,60,20,10,0.278603964576025,0.15898238191478,-Inf
"240",700,60,20,10,0.278477836797018,0.15973224237822,-Inf
"241",300,10,5,15,0.268098064668954,0.148281091102509,-Inf
"242",400,10,5,15,0.271758104276472,0.150773066707157,-Inf
"243",500,10,5,15,0.270150149943961,0.148714085756649,-Inf
"244",600,10,5,15,0.269308723975393,0.148911177831315,-Inf
"245",700,10,5,15,0.269075274242472,0.148458533750718,-Inf
"246",300,20,5,15,0.270045539336651,0.151142583402563,-Inf
"247",400,20,5,15,0.26808134068935,0.151402530048198,-Inf
"248",500,20,5,15,0.266472081250743,0.148520615239417,-Inf
"249",600,20,5,15,0.269820803844351,0.151449461812485,-Inf
"250",700,20,5,15,0.268674824221979,0.15003986930797,-Inf
"251",300,30,5,15,0.272415178011425,0.152832193563985,-Inf
"252",400,30,5,15,0.272211603557443,0.153535909984586,-Inf
"253",500,30,5,15,0.269058530304066,0.152356601873747,-Inf
"254",600,30,5,15,0.272319673517348,0.154018157667654,-Inf
"255",700,30,5,15,0.267322521563025,0.151847644853225,-Inf
"256",300,40,5,15,0.272361313726249,0.155100649685202,-Inf
"257",400,40,5,15,0.270002648791114,0.152974300039766,-Inf
"258",500,40,5,15,0.272537544811216,0.155134051786376,-Inf
"259",600,40,5,15,0.273843512096311,0.15596700204166,-Inf
"260",700,40,5,15,0.271807301871065,0.153908849631324,-Inf
"261",300,50,5,15,0.272153064495739,0.155328515703988,-Inf
"262",400,50,5,15,0.275745036420548,0.158114509503053,-Inf
"263",500,50,5,15,0.271800316681732,0.154442186845314,-Inf
"264",600,50,5,15,0.272595887125329,0.156354836921415,-Inf
"265",700,50,5,15,0.274361261887063,0.156562948880732,-Inf
"266",300,60,5,15,0.277235299868047,0.157022941796009,-Inf
"267",400,60,5,15,0.275898503002498,0.156985543080168,-Inf
"268",500,60,5,15,0.273810075129192,0.156924643084162,-Inf
"269",600,60,5,15,0.273996763590432,0.156123345906212,-Inf
"270",700,60,5,15,0.273511155694906,0.155978506322143,-Inf
"271",300,10,10,15,0.268800343449182,0.150036613737256,-Inf
"272",400,10,10,15,0.270139570879431,0.150323189346565,-Inf
"273",500,10,10,15,0.267979067279877,0.149523062663634,-Inf
"274",600,10,10,15,0.269182159693814,0.15049423456285,-Inf
"275",700,10,10,15,0.269027654789733,0.149422276584794,-Inf
"276",300,20,10,15,0.269232130286675,0.152024410226064,-Inf
"277",400,20,10,15,0.266729992129079,0.151075096184175,-Inf
"278",500,20,10,15,0.268688633792913,0.152339942317431,-Inf
"279",600,20,10,15,0.268956754547479,0.152033526123577,-Inf
"280",700,20,10,15,0.270042894833249,0.152976094035661,-Inf
"281",300,30,10,15,0.268661503804587,0.152946730731501,-Inf
"282",400,30,10,15,0.270023689159014,0.153262590325056,-Inf
"283",500,30,10,15,0.271537207807011,0.154402833319342,-Inf
"284",600,30,10,15,0.270064259315962,0.153031542827312,-Inf
"285",700,30,10,15,0.271019745625086,0.154460973318239,-Inf
"286",300,40,10,15,0.27221241735404,0.155452526651795,-Inf
"287",400,40,10,15,0.274546108810367,0.157469810734804,-Inf
"288",500,40,10,15,0.273340163000537,0.156558733115758,-Inf
"289",600,40,10,15,0.270148386882127,0.154604783463887,-Inf
"290",700,40,10,15,0.2737207159043,0.156416851335032,-Inf
"291",300,50,10,15,0.277979180788134,0.159988434441636,-Inf
"292",400,50,10,15,0.274508936002837,0.157993664804365,-Inf
"293",500,50,10,15,0.275655968043076,0.157767660370535,-Inf
"294",600,50,10,15,0.274794704095222,0.157913238822121,-Inf
"295",700,50,10,15,0.274843400094885,0.157606958374881,-Inf
"296",300,60,10,15,0.277894309168704,0.160271287505565,-Inf
"297",400,60,10,15,0.279749551801438,0.160127263257069,-Inf
"298",500,60,10,15,0.274101522904637,0.157865490019738,-Inf
"299",600,60,10,15,0.273242488077625,0.157687046273036,-Inf
"300",700,60,10,15,0.275857263053062,0.159254731531827,-Inf
"301",300,10,15,15,0.269804681823937,0.150595059408955,-Inf
"302",400,10,15,15,0.27085488467757,0.150670220988437,-Inf
"303",500,10,15,15,0.271227949453928,0.150314940768145,-Inf
"304",600,10,15,15,0.269523641011722,0.150041915340956,-Inf
"305",700,10,15,15,0.269371350364253,0.150690856425708,-Inf
"306",300,20,15,15,0.270353004027859,0.151947199000292,-Inf
"307",400,20,15,15,0.270590975737559,0.15332457900221,-Inf
"308",500,20,15,15,0.268304969028355,0.152074734755207,-Inf
"309",600,20,15,15,0.267986730737008,0.151646194594416,-Inf
"310",700,20,15,15,0.266980340802698,0.151599254923869,-Inf
"311",300,30,15,15,0.273013978231641,0.154651605959786,-Inf
"312",400,30,15,15,0.274934520067296,0.156555485032444,-Inf
"313",500,30,15,15,0.270557665360624,0.154291051695083,-Inf
"314",600,30,15,15,0.27079729693578,0.153633352567515,-Inf
"315",700,30,15,15,0.271697787684808,0.154810893952143,-Inf
"316",300,40,15,15,0.271762690701763,0.154547422874324,-Inf
"317",400,40,15,15,0.275859347557913,0.158088707774326,-Inf
"318",500,40,15,15,0.276560889333161,0.158011173345289,-Inf
"319",600,40,15,15,0.27321645482123,0.1567348652727,-Inf
"320",700,40,15,15,0.272845360404712,0.156241865973349,-Inf
"321",300,50,15,15,0.277502163205436,0.159642379240005,-Inf
"322",400,50,15,15,0.275134647646699,0.158253411805669,-Inf
"323",500,50,15,15,0.275454893836385,0.157683292868584,-Inf
"324",600,50,15,15,0.274911977606084,0.15754476142754,-Inf
"325",700,50,15,15,0.275419832164435,0.158300446544447,-Inf
"326",300,60,15,15,0.276102482958074,0.158291477963504,-Inf
"327",400,60,15,15,0.278085042188464,0.160006294766132,-Inf
"328",500,60,15,15,0.280402336789222,0.161476275037863,-Inf
"329",600,60,15,15,0.276921548161964,0.158975400829576,-Inf
"330",700,60,15,15,0.277041155292548,0.159271963707349,-Inf
"331",300,10,20,15,0.268768631931627,0.14945115533741,-Inf
"332",400,10,20,15,0.269660387737942,0.149724681106174,-Inf
"333",500,10,20,15,0.270587638447377,0.150380305844015,-Inf
"334",600,10,20,15,0.270160706893161,0.150545077666124,-Inf
"335",700,10,20,15,0.269164901166637,0.150056750777703,-Inf
"336",300,20,20,15,0.269796521396407,0.152331655828879,-Inf
"337",400,20,20,15,0.269594388468558,0.152286204380692,-Inf
"338",500,20,20,15,0.270275949946844,0.152301106324706,-Inf
"339",600,20,20,15,0.270676325397743,0.152671406880176,-Inf
"340",700,20,20,15,0.272025539344402,0.153664194526462,-Inf
"341",300,30,20,15,0.272042814161686,0.154735832399303,-Inf
"342",400,30,20,15,0.273856005877705,0.155660469541115,-Inf
"343",500,30,20,15,0.271774686749926,0.154787224216399,-Inf
"344",600,30,20,15,0.271003868831693,0.153924810748095,-Inf
"345",700,30,20,15,0.270895902690523,0.153622773566424,-Inf
"346",300,40,20,15,0.274279217172812,0.155764302458335,-Inf
"347",400,40,20,15,0.276955252047269,0.157404383283018,-Inf
"348",500,40,20,15,0.272392872714366,0.156045205891755,-Inf
"349",600,40,20,15,0.27180948059545,0.155209208525117,-Inf
"350",700,40,20,15,0.273934226629104,0.15695006830869,-Inf
"351",300,50,20,15,0.276037467323074,0.15859291818716,-Inf
"352",400,50,20,15,0.275074624145654,0.157672768152083,-Inf
"353",500,50,20,15,0.275672000750326,0.157813140511408,-Inf
"354",600,50,20,15,0.27561241482983,0.158316727516903,-Inf
"355",700,50,20,15,0.278117090077644,0.158491590494416,-Inf
"356",300,60,20,15,0.27920250358592,0.159495531011756,-Inf
"357",400,60,20,15,0.279461937880505,0.159704439902297,-Inf
"358",500,60,20,15,0.279867661846569,0.159684355499044,-Inf
"359",600,60,20,15,0.2780523878281,0.159042977304564,-Inf
"360",700,60,20,15,0.278083118830294,0.159977350625733,-Inf
"361",300,10,5,20,0.267091653574779,0.149032112763022,-Inf
"362",400,10,5,20,0.268479816214784,0.148865981835905,-Inf
"363",500,10,5,20,0.267458986160193,0.14837712372041,-Inf
"364",600,10,5,20,0.267352459724885,0.147928168221585,-Inf
"365",700,10,5,20,0.269060876677237,0.149406012393063,-Inf
"366",300,20,5,20,0.269558390164884,0.152427971585469,-Inf
"367",400,20,5,20,0.268493615288606,0.15107478153254,-Inf
"368",500,20,5,20,0.269210717278913,0.152217225322118,-Inf
"369",600,20,5,20,0.26895851104949,0.152926052347701,-Inf
"370",700,20,5,20,0.26741468776207,0.151541396707846,-Inf
"371",300,30,5,20,0.269460764505508,0.153004895929682,-Inf
"372",400,30,5,20,0.272208224939594,0.154722796231973,-Inf
"373",500,30,5,20,0.269505477867494,0.1530347100713,-Inf
"374",600,30,5,20,0.268565070170285,0.152538310362647,-Inf
"375",700,30,5,20,0.270065092288812,0.153583970925545,-Inf
"376",300,40,5,20,0.272709736865412,0.156399908402193,-Inf
"377",400,40,5,20,0.273029938853386,0.156781024963335,-Inf
"378",500,40,5,20,0.268863717162122,0.154183452588554,-Inf
"379",600,40,5,20,0.271558954930099,0.155518905346599,-Inf
"380",700,40,5,20,0.269057682137865,0.154261016246453,-Inf
"381",300,50,5,20,0.272070162898192,0.156707183340021,-Inf
"382",400,50,5,20,0.272107160000419,0.156680240961807,-Inf
"383",500,50,5,20,0.275071387938593,0.157618537379877,-Inf
"384",600,50,5,20,0.273233924139155,0.157100046376029,-Inf
"385",700,50,5,20,0.275572142175133,0.158207191425901,-Inf
"386",300,60,5,20,0.276358207272574,0.159325611675331,-Inf
"387",400,60,5,20,0.27713773685695,0.160684130291144,-Inf
"388",500,60,5,20,0.274408211551648,0.158875562458068,-Inf
"389",600,60,5,20,0.273315673375132,0.158649781186287,-Inf
"390",700,60,5,20,0.275043257410743,0.15784368257627,-Inf
"391",300,10,10,20,0.266333115431851,0.149037684650378,-Inf
"392",400,10,10,20,0.270191428852652,0.151033828237268,-Inf
"393",500,10,10,20,0.269379993353644,0.150717095143652,-Inf
"394",600,10,10,20,0.268799937269445,0.150312815712149,-Inf
"395",700,10,10,20,0.268660830409506,0.149634685621048,-Inf
"396",300,20,10,20,0.268784317450802,0.152780612211979,-Inf
"397",400,20,10,20,0.269610056595622,0.152642007316392,-Inf
"398",500,20,10,20,0.268405927527606,0.152442189665604,-Inf
"399",600,20,10,20,0.270492175645719,0.153986016403419,-Inf
"400",700,20,10,20,0.26872572896138,0.152398858798891,-Inf
"401",300,30,10,20,0.270928769806988,0.154200737645841,-Inf
"402",400,30,10,20,0.271574666078582,0.154325515803757,-Inf
"403",500,30,10,20,0.27056872693292,0.154859522868727,-Inf
"404",600,30,10,20,0.271454337544087,0.156092750726189,-Inf
"405",700,30,10,20,0.270482128551797,0.155277602853931,-Inf
"406",300,40,10,20,0.274610474730819,0.157844401016593,-Inf
"407",400,40,10,20,0.272225110358812,0.155343236069799,-Inf
"408",500,40,10,20,0.269667318241275,0.155601347222812,-Inf
"409",600,40,10,20,0.271320370235183,0.155726323470773,-Inf
"410",700,40,10,20,0.272422988428485,0.15571945784134,-Inf
"411",300,50,10,20,0.277906554683491,0.16013211845033,-Inf
"412",400,50,10,20,0.275644222142871,0.158210567978729,-Inf
"413",500,50,10,20,0.273651130417063,0.15662189784303,-Inf
"414",600,50,10,20,0.274434893693298,0.157455177796553,-Inf
"415",700,50,10,20,0.274238126919053,0.157651234244532,-Inf
"416",300,60,10,20,0.275362557100709,0.159243856945585,-Inf
"417",400,60,10,20,0.274898906582294,0.159482182163621,-Inf
"418",500,60,10,20,0.275649285535146,0.159414424465674,-Inf
"419",600,60,10,20,0.277761883578052,0.159523541148984,-Inf
"420",700,60,10,20,0.276157697019952,0.159159553208258,-Inf
"421",300,10,15,20,0.27165102717877,0.151339765066557,-Inf
"422",400,10,15,20,0.269753534965159,0.150228152044932,-Inf
"423",500,10,15,20,0.270051924815603,0.150540911386722,-Inf
"424",600,10,15,20,0.2693758072231,0.149201682394989,-Inf
"425",700,10,15,20,0.266887702977969,0.149306399728454,-Inf
"426",300,20,15,20,0.268009838296491,0.152457611069475,-Inf
"427",400,20,15,20,0.268528001224972,0.153402771707533,-Inf
"428",500,20,15,20,0.267617311553892,0.151540787556437,-Inf
"429",600,20,15,20,0.268509354023074,0.152403445126783,-Inf
"430",700,20,15,20,0.267735563369038,0.151492694615104,-Inf
"431",300,30,15,20,0.269475577078706,0.154014391537454,-Inf
"432",400,30,15,20,0.270742019595561,0.15426629245272,-Inf
"433",500,30,15,20,0.273083908217219,0.156276073420951,-Inf
"434",600,30,15,20,0.273826470839819,0.156021559556492,-Inf
"435",700,30,15,20,0.271238525593977,0.155190633460214,-Inf
"436",300,40,15,20,0.27472082022989,0.158431843990507,-Inf
"437",400,40,15,20,0.272931638294696,0.156566339635753,-Inf
"438",500,40,15,20,0.275760339243262,0.158112944909559,-Inf
"439",600,40,15,20,0.271653792237753,0.156134024640867,-Inf
"440",700,40,15,20,0.272569103666818,0.157137169614694,-Inf
"441",300,50,15,20,0.276745166380183,0.157312105684027,-Inf
"442",400,50,15,20,0.276121520708132,0.159830483223154,-Inf
"443",500,50,15,20,0.278000356307159,0.15977001507007,-Inf
"444",600,50,15,20,0.276296060183573,0.15871128772829,-Inf
"445",700,50,15,20,0.276478341296212,0.158759229482427,-Inf
"446",300,60,15,20,0.280693632484041,0.161411480234862,-Inf
"447",400,60,15,20,0.27850683377594,0.161225475329093,-Inf
"448",500,60,15,20,0.278625337699519,0.159155142654594,-Inf
"449",600,60,15,20,0.275391194820753,0.158162142450653,-Inf
"450",700,60,15,20,0.278064113132841,0.160527145566194,-Inf
"451",300,10,20,20,0.269261931782887,0.149660755272013,-Inf
"452",400,10,20,20,0.269001642835413,0.149406884375503,-Inf
"453",500,10,20,20,0.269628763782622,0.149671434436201,-Inf
"454",600,10,20,20,0.269486199407988,0.149946991958786,-Inf
"455",700,10,20,20,0.270034725743547,0.150425233852673,-Inf
"456",300,20,20,20,0.269368072780688,0.152391591680741,-Inf
"457",400,20,20,20,0.268621156076835,0.152166666477937,-Inf
"458",500,20,20,20,0.268479829986819,0.151944299690826,-Inf
"459",600,20,20,20,0.270060757132649,0.152058605570212,-Inf
"460",700,20,20,20,0.270125208104476,0.152952825707209,-Inf
"461",300,30,20,20,0.268489767017195,0.152605554777648,-Inf
"462",400,30,20,20,0.27235511363562,0.15350286093832,-Inf
"463",500,30,20,20,0.270849398504789,0.154207874280477,-Inf
"464",600,30,20,20,0.273028335949234,0.154834281234299,-Inf
"465",700,30,20,20,0.270936348939647,0.154400595694602,-Inf
"466",300,40,20,20,0.273369693914466,0.156449145352526,-Inf
"467",400,40,20,20,0.272082145318076,0.155244917326643,-Inf
"468",500,40,20,20,0.275971659906632,0.157629842708657,-Inf
"469",600,40,20,20,0.275726934568441,0.156971900655557,-Inf
"470",700,40,20,20,0.272438917773497,0.155150344247939,-Inf
"471",300,50,20,20,0.273561844817629,0.156142179531755,-Inf
"472",400,50,20,20,0.275088260299278,0.156565037671546,-Inf
"473",500,50,20,20,0.276870239376006,0.159555597864084,-Inf
"474",600,50,20,20,0.276184380043606,0.159047231410451,-Inf
"475",700,50,20,20,0.274431969058302,0.15763478761847,-Inf
"476",300,60,20,20,0.279213961763305,0.159812081225615,-Inf
"477",400,60,20,20,0.277270930703082,0.15889812825754,-Inf
"478",500,60,20,20,0.277817938679065,0.159007931839006,-Inf
"479",600,60,20,20,0.279046467944865,0.160345780287045,-Inf
"480",700,60,20,20,0.279538531327383,0.160784512261709,-Inf
