max_depth,eta,cutoff,precision,precision_std,recall,recall_std,accuracy,accuracy_std
3,0.01,0.2,0.9411695906432749,0.046134383948478894,0.9941176470588236,0.018601633295108114,0.9658730158730159,0.02937580241797104
5,0.01,0.2,0.9523391812865497,0.05795820255781847,0.9941176470588236,0.018601633295108114,0.9715079365079365,0.038096064805844536
7,0.01,0.2,0.9523391812865497,0.05795820255781847,0.9941176470588236,0.018601633295108114,0.9715079365079365,0.038096064805844536
9,0.01,0.2,0.9523391812865497,0.05795820255781847,0.9941176470588236,0.018601633295108114,0.9715079365079365,0.038096064805844536
3,0.05,0.2,0.9672514619883041,0.045794448364956386,0.9941176470588236,0.018601633295108114,0.98,0.03026714015632516
5,0.05,0.2,0.9627777777777777,0.05493792481510745,0.9941176470588236,0.018601633295108114,0.9771428571428571,0.03512207412302054
7,0.05,0.2,0.9627777777777777,0.05493792481510745,0.9941176470588236,0.018601633295108114,0.9771428571428571,0.03512207412302054
9,0.05,0.2,0.9627777777777777,0.05493792481510745,0.9941176470588236,0.018601633295108114,0.9771428571428571,0.03512207412302054
3,0.1,0.2,0.9672514619883041,0.045794448364956386,0.9941176470588236,0.018601633295108114,0.98,0.03026714015632516
5,0.1,0.2,0.9627777777777777,0.05493792481510745,0.9941176470588236,0.018601633295108114,0.9771428571428571,0.03512207412302054
7,0.1,0.2,0.9627777777777777,0.05493792481510745,0.9941176470588236,0.018601633295108114,0.9771428571428571,0.03512207412302054
9,0.1,0.2,0.9627777777777777,0.05493792481510745,0.9941176470588236,0.018601633295108114,0.9771428571428571,0.03512207412302054
3,0.15000000000000002,0.2,0.9672514619883041,0.045794448364956386,0.9941176470588236,0.018601633295108114,0.98,0.03026714015632516
5,0.15000000000000002,0.2,0.9672514619883041,0.045794448364956386,0.9941176470588236,0.018601633295108114,0.98,0.03026714015632516
7,0.15000000000000002,0.2,0.9672514619883041,0.045794448364956386,0.9941176470588236,0.018601633295108114,0.98,0.03026714015632516
9,0.15000000000000002,0.2,0.9672514619883041,0.045794448364956386,0.9941176470588236,0.018601633295108114,0.98,0.03026714015632516
3,0.2,0.2,0.9672514619883041,0.045794448364956386,0.9941176470588236,0.018601633295108114,0.98,0.03026714015632516
5,0.2,0.2,0.9672514619883041,0.045794448364956386,0.9941176470588236,0.018601633295108114,0.98,0.03026714015632516
7,0.2,0.2,0.9672514619883041,0.045794448364956386,0.9941176470588236,0.018601633295108114,0.98,0.03026714015632516
9,0.2,0.2,0.9672514619883041,0.045794448364956386,0.9941176470588236,0.018601633295108114,0.98,0.03026714015632516
3,0.25,0.2,0.9672514619883041,0.045794448364956386,0.9941176470588236,0.018601633295108114,0.98,0.03026714015632516
5,0.25,0.2,0.9572222222222222,0.05354702560009553,0.9941176470588236,0.018601633295108114,0.9742857142857143,0.034206257135367575
7,0.25,0.2,0.9572222222222222,0.05354702560009553,0.9941176470588236,0.018601633295108114,0.9742857142857143,0.034206257135367575
9,0.25,0.2,0.9572222222222222,0.05354702560009553,0.9941176470588236,0.018601633295108114,0.9742857142857143,0.034206257135367575
3,0.3,0.2,0.9783625730994152,0.037374069274719264,0.9941176470588236,0.018601633295108114,0.9857142857142858,0.02020305089104422
5,0.3,0.2,0.9672514619883041,0.045794448364956386,0.9941176470588236,0.018601633295108114,0.98,0.03026714015632516
7,0.3,0.2,0.9672514619883041,0.045794448364956386,0.9941176470588236,0.018601633295108114,0.98,0.03026714015632516
9,0.3,0.2,0.9672514619883041,0.045794448364956386,0.9941176470588236,0.018601633295108114,0.98,0.03026714015632516
3,0.35000000000000003,0.2,0.9616959064327485,0.04473779764296964,0.9941176470588236,0.018601633295108114,0.9771428571428571,0.02950844454253271
5,0.35000000000000003,0.2,0.962280701754386,0.050952384072409415,0.9941176470588236,0.018601633295108114,0.9771428571428571,0.0324369264112884
7,0.35000000000000003,0.2,0.962280701754386,0.050952384072409415,0.9941176470588236,0.018601633295108114,0.9771428571428571,0.0324369264112884
9,0.35000000000000003,0.2,0.962280701754386,0.050952384072409415,0.9941176470588236,0.018601633295108114,0.9771428571428571,0.0324369264112884
3,0.4,0.2,0.9616959064327485,0.04473779764296964,0.9941176470588236,0.018601633295108114,0.9771428571428571,0.02950844454253271
5,0.4,0.2,0.9672514619883041,0.045794448364956386,0.9941176470588236,0.018601633295108114,0.98,0.03026714015632516
7,0.4,0.2,0.9672514619883041,0.045794448364956386,0.9941176470588236,0.018601633295108114,0.98,0.03026714015632516
9,0.4,0.2,0.9672514619883041,0.045794448364956386,0.9941176470588236,0.018601633295108114,0.98,0.03026714015632516
3,0.01,0.30000000000000004,0.9722222222222222,0.03928371006591932,0.9941176470588236,0.018601633295108114,0.9828571428571429,0.02760262237369418
5,0.01,0.30000000000000004,0.9722222222222222,0.03928371006591932,0.9941176470588236,0.018601633295108114,0.9828571428571429,0.02760262237369418
7,0.01,0.30000000000000004,0.9722222222222222,0.03928371006591932,0.9941176470588236,0.018601633295108114,0.9828571428571429,0.02760262237369418
9,0.01,0.30000000000000004,0.9722222222222222,0.03928371006591932,0.9941176470588236,0.018601633295108114,0.9828571428571429,0.02760262237369418
3,0.05,0.30000000000000004,0.9774509803921568,0.029125941127316327,0.9941176470588236,0.018601633295108114,0.9857142857142858,0.02020305089104422
5,0.05,0.30000000000000004,0.9774509803921568,0.029125941127316327,0.9941176470588236,0.018601633295108114,0.9857142857142858,0.02020305089104422
7,0.05,0.30000000000000004,0.9774509803921568,0.029125941127316327,0.9941176470588236,0.018601633295108114,0.9857142857142858,0.02020305089104422
9,0.05,0.30000000000000004,0.9774509803921568,0.029125941127316327,0.9941176470588236,0.018601633295108114,0.9857142857142858,0.02020305089104422
3,0.1,0.30000000000000004,0.9774509803921568,0.029125941127316327,0.9941176470588236,0.018601633295108114,0.9857142857142858,0.02020305089104422
5,0.1,0.30000000000000004,0.9774509803921568,0.029125941127316327,0.9941176470588236,0.018601633295108114,0.9857142857142858,0.02020305089104422
7,0.1,0.30000000000000004,0.9774509803921568,0.029125941127316327,0.9941176470588236,0.018601633295108114,0.9857142857142858,0.02020305089104422
9,0.1,0.30000000000000004,0.9774509803921568,0.029125941127316327,0.9941176470588236,0.018601633295108114,0.9857142857142858,0.02020305089104422
3,0.15000000000000002,0.30000000000000004,0.9724802201582388,0.038209941555702474,0.9941176470588236,0.018601633295108114,0.9828571428571429,0.024093544077473376
5,0.15000000000000002,0.30000000000000004,0.9724802201582388,0.038209941555702474,0.9941176470588236,0.018601633295108114,0.9828571428571429,0.024093544077473376
7,0.15000000000000002,0.30000000000000004,0.9724802201582388,0.038209941555702474,0.9941176470588236,0.018601633295108114,0.9828571428571429,0.024093544077473376
9,0.15000000000000002,0.30000000000000004,0.9724802201582388,0.038209941555702474,0.9941176470588236,0.018601633295108114,0.9828571428571429,0.024093544077473376
3,0.2,0.30000000000000004,0.9672514619883041,0.045794448364956386,0.9941176470588236,0.018601633295108114,0.98,0.03026714015632516
5,0.2,0.30000000000000004,0.9774509803921568,0.029125941127316327,0.9941176470588236,0.018601633295108114,0.9857142857142858,0.02020305089104422
7,0.2,0.30000000000000004,0.9774509803921568,0.029125941127316327,0.9941176470588236,0.018601633295108114,0.9857142857142858,0.02020305089104422
9,0.2,0.30000000000000004,0.9774509803921568,0.029125941127316327,0.9941176470588236,0.018601633295108114,0.9857142857142858,0.02020305089104422
3,0.25,0.30000000000000004,0.9672514619883041,0.045794448364956386,0.9941176470588236,0.018601633295108114,0.98,0.03026714015632516
5,0.25,0.30000000000000004,0.9722222222222222,0.03928371006591932,0.9941176470588236,0.018601633295108114,0.9828571428571429,0.02760262237369418
7,0.25,0.30000000000000004,0.9722222222222222,0.03928371006591932,0.9941176470588236,0.018601633295108114,0.9828571428571429,0.02760262237369418
9,0.25,0.30000000000000004,0.9722222222222222,0.03928371006591932,0.9941176470588236,0.018601633295108114,0.9828571428571429,0.02760262237369418
3,0.3,0.30000000000000004,0.9783625730994152,0.037374069274719264,0.9941176470588236,0.018601633295108114,0.9857142857142858,0.02020305089104422
5,0.3,0.30000000000000004,0.9774509803921568,0.029125941127316327,0.9941176470588236,0.018601633295108114,0.9857142857142858,0.02020305089104422
7,0.3,0.30000000000000004,0.9774509803921568,0.029125941127316327,0.9941176470588236,0.018601633295108114,0.9857142857142858,0.02020305089104422
9,0.3,0.30000000000000004,0.9774509803921568,0.029125941127316327,0.9941176470588236,0.018601633295108114,0.9857142857142858,0.02020305089104422
3,0.35000000000000003,0.30000000000000004,0.9833333333333333,0.026835882863313787,0.9941176470588236,0.018601633295108114,0.9885714285714285,0.014754222271266356
5,0.35000000000000003,0.30000000000000004,0.9672514619883041,0.045794448364956386,0.9941176470588236,0.018601633295108114,0.98,0.03026714015632516
7,0.35000000000000003,0.30000000000000004,0.9672514619883041,0.045794448364956386,0.9941176470588236,0.018601633295108114,0.98,0.03026714015632516
9,0.35000000000000003,0.30000000000000004,0.9672514619883041,0.045794448364956386,0.9941176470588236,0.018601633295108114,0.98,0.03026714015632516
3,0.4,0.30000000000000004,0.9722222222222222,0.03928371006591932,0.9941176470588236,0.018601633295108114,0.9828571428571429,0.02760262237369418
5,0.4,0.30000000000000004,0.9830065359477124,0.027376528701437513,0.9882352941176471,0.024802177726810825,0.9857142857142858,0.02020305089104422
7,0.4,0.30000000000000004,0.9830065359477124,0.027376528701437513,0.9882352941176471,0.024802177726810825,0.9857142857142858,0.02020305089104422
9,0.4,0.30000000000000004,0.9830065359477124,0.027376528701437513,0.9882352941176471,0.024802177726810825,0.9857142857142858,0.02020305089104422
3,0.01,0.4,0.9722222222222222,0.03928371006591932,0.9941176470588236,0.018601633295108114,0.9828571428571429,0.02760262237369418
5,0.01,0.4,0.9771241830065359,0.029552636092049115,0.9882352941176471,0.024802177726810825,0.9828571428571429,0.024093544077473376
7,0.01,0.4,0.9771241830065359,0.029552636092049115,0.9882352941176471,0.024802177726810825,0.9828571428571429,0.024093544077473376
9,0.01,0.4,0.9771241830065359,0.029552636092049115,0.9882352941176471,0.024802177726810825,0.9828571428571429,0.024093544077473376
3,0.05,0.4,0.9888888888888889,0.02342427896421023,0.9941176470588236,0.018601633295108114,0.9914285714285714,0.01380131118684709
5,0.05,0.4,0.9833333333333333,0.026835882863313787,0.9941176470588236,0.018601633295108114,0.9885714285714285,0.014754222271266356
7,0.05,0.4,0.9833333333333333,0.026835882863313787,0.9941176470588236,0.018601633295108114,0.9885714285714285,0.014754222271266356
9,0.05,0.4,0.9833333333333333,0.026835882863313787,0.9941176470588236,0.018601633295108114,0.9885714285714285,0.014754222271266356
3,0.1,0.4,0.9888888888888889,0.02342427896421023,0.9941176470588236,0.018601633295108114,0.9914285714285714,0.01380131118684709
5,0.1,0.4,0.9830065359477124,0.027376528701437513,0.9882352941176471,0.024802177726810825,0.9857142857142858,0.02020305089104422
7,0.1,0.4,0.9830065359477124,0.027376528701437513,0.9882352941176471,0.024802177726810825,0.9857142857142858,0.02020305089104422
9,0.1,0.4,0.9830065359477124,0.027376528701437513,0.9882352941176471,0.024802177726810825,0.9857142857142858,0.02020305089104422
3,0.15000000000000002,0.4,0.9888888888888889,0.02342427896421023,0.9941176470588236,0.018601633295108114,0.9914285714285714,0.01380131118684709
5,0.15000000000000002,0.4,0.9830065359477124,0.027376528701437513,0.9882352941176471,0.024802177726810825,0.9857142857142858,0.02020305089104422
7,0.15000000000000002,0.4,0.9830065359477124,0.027376528701437513,0.9882352941176471,0.024802177726810825,0.9857142857142858,0.02020305089104422
9,0.15000000000000002,0.4,0.9830065359477124,0.027376528701437513,0.9882352941176471,0.024802177726810825,0.9857142857142858,0.02020305089104422
3,0.2,0.4,0.9833333333333333,0.026835882863313787,0.9941176470588236,0.018601633295108114,0.9885714285714285,0.014754222271266356
5,0.2,0.4,0.9830065359477124,0.027376528701437513,0.9882352941176471,0.024802177726810825,0.9857142857142858,0.02020305089104422
7,0.2,0.4,0.9830065359477124,0.027376528701437513,0.9882352941176471,0.024802177726810825,0.9857142857142858,0.02020305089104422
9,0.2,0.4,0.9830065359477124,0.027376528701437513,0.9882352941176471,0.024802177726810825,0.9857142857142858,0.02020305089104422
3,0.25,0.4,0.9888888888888889,0.02342427896421023,0.9941176470588236,0.018601633295108114,0.9914285714285714,0.01380131118684709
5,0.25,0.4,0.9830065359477124,0.027376528701437513,0.9882352941176471,0.024802177726810825,0.9857142857142858,0.02020305089104422
7,0.25,0.4,0.9830065359477124,0.027376528701437513,0.9882352941176471,0.024802177726810825,0.9857142857142858,0.02020305089104422
9,0.25,0.4,0.9830065359477124,0.027376528701437513,0.9882352941176471,0.024802177726810825,0.9857142857142858,0.02020305089104422
3,0.3,0.4,0.9833333333333333,0.026835882863313787,0.9941176470588236,0.018601633295108114,0.9885714285714285,0.014754222271266356
5,0.3,0.4,0.9830065359477124,0.027376528701437513,0.9882352941176471,0.024802177726810825,0.9857142857142858,0.02020305089104422
7,0.3,0.4,0.9830065359477124,0.027376528701437513,0.9882352941176471,0.024802177726810825,0.9857142857142858,0.02020305089104422
9,0.3,0.4,0.9830065359477124,0.027376528701437513,0.9882352941176471,0.024802177726810825,0.9857142857142858,0.02020305089104422
3,0.35000000000000003,0.4,0.9833333333333333,0.026835882863313787,0.9941176470588236,0.018601633295108114,0.9885714285714285,0.014754222271266356
5,0.35000000000000003,0.4,0.9669246646026832,0.045986544736732096,0.9882352941176471,0.024802177726810825,0.9771428571428571,0.0324369264112884
7,0.35000000000000003,0.4,0.9669246646026832,0.045986544736732096,0.9882352941176471,0.024802177726810825,0.9771428571428571,0.0324369264112884
9,0.35000000000000003,0.4,0.9669246646026832,0.045986544736732096,0.9882352941176471,0.024802177726810825,0.9771428571428571,0.0324369264112884
3,0.4,0.4,0.9833333333333333,0.026835882863313787,0.9941176470588236,0.018601633295108114,0.9885714285714285,0.014754222271266356
5,0.4,0.4,0.9830065359477124,0.027376528701437513,0.9882352941176471,0.024802177726810825,0.9857142857142858,0.02020305089104422
7,0.4,0.4,0.9830065359477124,0.027376528701437513,0.9882352941176471,0.024802177726810825,0.9857142857142858,0.02020305089104422
9,0.4,0.4,0.9830065359477124,0.027376528701437513,0.9882352941176471,0.024802177726810825,0.9857142857142858,0.02020305089104422
3,0.01,0.5,0.9774509803921568,0.029125941127316327,0.9941176470588236,0.018601633295108114,0.9857142857142858,0.02020305089104422
5,0.01,0.5,0.9830065359477124,0.027376528701437513,0.9823529411764705,0.028414464208214592,0.9828571428571429,0.01997731139371718
7,0.01,0.5,0.9830065359477124,0.027376528701437513,0.9823529411764705,0.028414464208214592,0.9828571428571429,0.01997731139371718
9,0.01,0.5,0.9830065359477124,0.027376528701437513,0.9823529411764705,0.028414464208214592,0.9828571428571429,0.01997731139371718
3,0.05,0.5,0.9888888888888889,0.02342427896421023,0.9941176470588236,0.018601633295108114,0.9914285714285714,0.01380131118684709
5,0.05,0.5,0.988562091503268,0.02412552787619837,0.9882352941176471,0.024802177726810825,0.9885714285714285,0.019977311393717185
7,0.05,0.5,0.988562091503268,0.02412552787619837,0.9882352941176471,0.024802177726810825,0.9885714285714285,0.019977311393717185
9,0.05,0.5,0.988562091503268,0.02412552787619837,0.9882352941176471,0.024802177726810825,0.9885714285714285,0.019977311393717185
3,0.1,0.5,0.9888888888888889,0.02342427896421023,0.9941176470588236,0.018601633295108114,0.9914285714285714,0.01380131118684709
5,0.1,0.5,0.988562091503268,0.02412552787619837,0.9882352941176471,0.024802177726810825,0.9885714285714285,0.019977311393717185
7,0.1,0.5,0.988562091503268,0.02412552787619837,0.9882352941176471,0.024802177726810825,0.9885714285714285,0.019977311393717185
9,0.1,0.5,0.988562091503268,0.02412552787619837,0.9882352941176471,0.024802177726810825,0.9885714285714285,0.019977311393717185
3,0.15000000000000002,0.5,0.9888888888888889,0.02342427896421023,0.9941176470588236,0.018601633295108114,0.9914285714285714,0.01380131118684709
5,0.15000000000000002,0.5,0.9830065359477124,0.027376528701437513,0.9882352941176471,0.024802177726810825,0.9857142857142858,0.02020305089104422
7,0.15000000000000002,0.5,0.9830065359477124,0.027376528701437513,0.9882352941176471,0.024802177726810825,0.9857142857142858,0.02020305089104422
9,0.15000000000000002,0.5,0.9830065359477124,0.027376528701437513,0.9882352941176471,0.024802177726810825,0.9857142857142858,0.02020305089104422
3,0.2,0.5,0.9888888888888889,0.02342427896421023,0.9941176470588236,0.018601633295108114,0.9914285714285714,0.01380131118684709
5,0.2,0.5,0.988562091503268,0.02412552787619837,0.9882352941176471,0.024802177726810825,0.9885714285714285,0.019977311393717185
7,0.2,0.5,0.988562091503268,0.02412552787619837,0.9882352941176471,0.024802177726810825,0.9885714285714285,0.019977311393717185
9,0.2,0.5,0.988562091503268,0.02412552787619837,0.9882352941176471,0.024802177726810825,0.9885714285714285,0.019977311393717185
3,0.25,0.5,0.988562091503268,0.02412552787619837,0.9882352941176471,0.024802177726810825,0.9885714285714285,0.019977311393717185
5,0.25,0.5,0.988562091503268,0.02412552787619837,0.9882352941176471,0.024802177726810825,0.9885714285714285,0.019977311393717185
7,0.25,0.5,0.988562091503268,0.02412552787619837,0.9882352941176471,0.024802177726810825,0.9885714285714285,0.019977311393717185
9,0.25,0.5,0.988562091503268,0.02412552787619837,0.9882352941176471,0.024802177726810825,0.9885714285714285,0.019977311393717185
3,0.3,0.5,0.9833333333333333,0.026835882863313787,0.9941176470588236,0.018601633295108114,0.9885714285714285,0.014754222271266356
5,0.3,0.5,0.9830065359477124,0.027376528701437513,0.9882352941176471,0.024802177726810825,0.9857142857142858,0.02020305089104422
7,0.3,0.5,0.9830065359477124,0.027376528701437513,0.9882352941176471,0.024802177726810825,0.9857142857142858,0.02020305089104422
9,0.3,0.5,0.9830065359477124,0.027376528701437513,0.9882352941176471,0.024802177726810825,0.9857142857142858,0.02020305089104422
3,0.35000000000000003,0.5,0.9833333333333333,0.026835882863313787,0.9941176470588236,0.018601633295108114,0.9885714285714285,0.014754222271266356
5,0.35000000000000003,0.5,0.988562091503268,0.02412552787619837,0.9882352941176471,0.024802177726810825,0.9885714285714285,0.019977311393717185
7,0.35000000000000003,0.5,0.988562091503268,0.02412552787619837,0.9882352941176471,0.024802177726810825,0.9885714285714285,0.019977311393717185
9,0.35000000000000003,0.5,0.988562091503268,0.02412552787619837,0.9882352941176471,0.024802177726810825,0.9885714285714285,0.019977311393717185
3,0.4,0.5,0.9833333333333333,0.026835882863313787,0.9941176470588236,0.018601633295108114,0.9885714285714285,0.014754222271266356
5,0.4,0.5,0.988562091503268,0.02412552787619837,0.9882352941176471,0.024802177726810825,0.9885714285714285,0.019977311393717185
7,0.4,0.5,0.988562091503268,0.02412552787619837,0.9882352941176471,0.024802177726810825,0.9885714285714285,0.019977311393717185
9,0.4,0.5,0.988562091503268,0.02412552787619837,0.9882352941176471,0.024802177726810825,0.9885714285714285,0.019977311393717185
