"","%IncMSE","IncNodePurity"
"cve",-1.21427321689717,0.855728603298755
"enrollment",4.89693497276409,0.483991236591879
"population",6.5683051648037,0.50241901403942
"pct_hispanic",1.69114558322343,0.257053220693032
"pct_black",1.90920801076071,0.175857176596972
"pct_white",0.416534398633624,0.245741631689919
"pct_poverty",-1.83634494846208,0.231111413109118
"pct_uninsured",-0.437315887941133,1.0464037423587
"pct_college",3.49613929884621,0.627360714231988
"pct_foreign_born",1.8671822928784,0.139809586944261
"advised_to_change_eating_hab_yes",-1.03031309551762,0.000955507077201757
"advised_to_cut_down_salt_yes",0,0
"advised_to_exercise_yes",1.93323873708173,0.00833494116536618
"advised_to_take_med_yes",1.51919351821057,0.00503758991502281
"all_teeth_removed_65_no",0.46083399080854,0.00508420607822336
"any_cancer_yes",4.34354158323962,0.0922669751932677
"any_drinking_past_month_yes",0.834163845594894,0.000700017899551872
"arthritis_yes",1.05382080625388,0.00379367382109197
"asthma_status_never",2.40391649189398,0.0637927897737276
"bmi_3_categories_obese",2.46814989000931,0.0602712598614281
"bmi_3_categories_overweight",2.10123993387061,0.0465762488651316
"bmi_3_categories_recommended_range",2.17932267514036,0.0243377180539853
"bmi_4_categories_obese",2.12038693032271,0.0586807559037132
"bmi_4_categories_overweight",1.3387640926802,0.0347177963567393
"bmi_4_categories_recommended_range",3.03476221307475,0.0861595657332247
"bmi_5_categories_obese",2.49719169882626,0.0473365930238773
"bmi_5_categories_overweight",2.11700105358693,0.0173492015677872
"bmi_5_categories_recommended_range",3.80738885855506,0.105365275911513
"bp_location_at_home",-1.41579194999773,0.00293198901286592
"bp_sharing_in_person",-0.660179862736544,0.00185395864900324
"binge_drinking_yes",-0.737155558687731,0.00184363278379275
"blind_no",0,0
"copd_no",0.276477666071098,0.00518153771049914
"cvd_no",-1.03956624487503,0.00479488264920065
"cervical_cancer_screening_yes",0.759867655561699,0.0668391194401126
"cervical_cancer_screening_hp_yes",1.37894260950914,0.00632935317145293
"cervical_cancer_screening_pa_yes",2.532355207055,0.0640520592916218
"chest_ct_or_cat_scan_yes",0.753369889388257,0.0036942676967967
"clnscpy_sgmscpy_colonoscopy",1.03071153898583,0.00191927343894218
"col_past_10_yrs_50_75_yes",0.682793025608228,0.000186235417413992
"col_past_10_yrs_50_75_ia_yes",1.00071505193263,0.00678169311293942
"coronary_heart_disease_no",-1.41046130325081,0.00138325726958494
"current_asthma_2_no",2.24559694150624,0.0769690203658236
"current_e_cig_user_yes",2.72044822035777,0.0873806052294732
"current_smoker_yes",-0.0199421193487303,0.0362073670860211
"deaf_no",1.35538271025566,0.00108920978254641
"dentist_visit_past_year_yes",1.63800038815693,0.0160073390683513
"depressive_disorder_yes",2.18490238306104,0.0629124649065086
"diabetes_yes",0,3.01346249541114e-18
"diabetes_status_yes",1.00071505193263,0.00558313425305659
"difficulty_concentrating_yes",1.00041089514307,0.0233856192942973
"difficulty_doing_errands_alo_no",-0.169972854665109,0.00592134768558412
"difficulty_dressing_no",1.00071505193263,0.000372955988198105
"difficulty_walking_yes",0.938680755328143,0.0279881346049711
"disability_status_yes",1.02258684356636,0.0253737907176755
"dr_rx_pain_talk_yes",2.18041067669541,0.032969552020411
"ever_had_blood_stool_test_yes",-0.701182190197079,0.000421527653148731
"ever_had_hiv_test_yes",2.00842426541789,0.073769873488796
"ever_had_sgmscpy_clnscpy_yes",1.00071505193263,7.91417416420856e-06
"ever_smoked_yes",2.3221647687832,0.013898670753697
"ever_told_high_bp_yes",1.0544767804054,0.0115905105994985
"fobt_past_yr_no",1.35836887702213,0.00862069760287486
"fobt_past_yr_ia_no",1.03349715019728,0.00297432096401174
"fair_or_poor_health_fair_or_poor_health",0.438781906641717,0.0146574726549085
"fair_or_poor_health_good_or_better_health",-1.41540480158954,0.000267374378310507
"flu_shot_in_past_year_yes",1.95067342982485,0.00291117794559946
"flu_shot_18_64_yes",1.00071505193262,0.000762032299984331
"flu_shot_65_yes",0.590630246446577,0.0325039983811025
"flu_vaccine_location_doctors_office_hmo",1.49004585496504,0.0104356771783974
"flu_vaccine_location_store",1.45941644856746,0.015400537951133
"frequency_of_smoking_every_day",1.60727218690419,0.0111097343549415
"frequency_of_smoking_not_at_all",-0.816159052532396,0.00293765274854644
"general_health_excellent",0.890987999532124,0.00255405031769551
"general_health_fair",2.31100732055631,0.030764216055364
"general_health_good",2.48997230799953,0.0253708342762508
"general_health_very_good",0.961890000296789,0.0111004930155986
"hiv_risk_behavior_no",0.385223490501711,0.0270057412010876
"hiv_aids_test_yes",2.13949200723942,0.0672028571559723
"have_at_least_one_personal_d_yes",-1.06684235314709,0.000540317729626488
"health_care_coverage_yes",0.938899869084527,0.00576025300063328
"health_care_coverage_age_18_yes",0,0.00359787333648646
"health_care_provider_more_than_one",1.0510263152879,0.00152323826921386
"health_care_provider_no",-1.01287527072677,0.000105823203299333
"health_care_provider_yes_only_one",1.00071505193263,0.0110523238562659
"heart_attack_no",-1.22595611220443,0.00418544120513902
"heart_disease_no",-0.941619148356169,0.000236173227813001
"heated_tbco_products_yes",3.56932353875346,0.0940585143624328
"heavy_drinking_females_no",1.10646188502839,0.0334628676187008
"heavy_drinking_males_no",-1.05783629457406,0.00146836144270883
"heavy_drinking_no",1.14980673773987,0.00717948776478863
"hlth_affected_activ_14_days_14_or_more_days",1.00071505193263,0.00989174043052873
"hlth_affected_activ_14_days_none_to_less_than_14_days",1.00071505193263,0.00589332992143507
"hlth_affected_activ_5_days_5_or_more_days",2.33418092213145,0.0289884523645952
"hlth_affected_activ_5_days_none_to_less_than_5_days",1.54074789974472,0.00771922160048254
"home_bp_check_yes",1.66015199094097,0.00106245576373651
"hysterectomy_yes",1.57223643097585,0.00438852944815071
"kidney_disease_no",1.49563675029419,0.00265995019850967
"last_dentist_visit_5_or_more_years",1.72985644276244,0.00852265576625921
"last_dentist_visit_within_the_past_2_years",0.432827039928423,0.0611976916868501
"last_dentist_visit_within_the_past_5_years",2.07587933956896,0.0307548862632079
"last_dentist_visit_within_the_past_year",0.861222819308175,0.00152755331183198
"last_smoked_10_years",0.994463313101562,0.00339540886024405
"leisure_time_pa_yes",-1.00071505193263,9.80725739063388e-05
"lifetime_asthma_yes",1.44989696015185,0.0404661905077813
"mammogram_yes",2.96949878153367,0.0336099103372222
"mammogram_past_2_yrs_40_yes",2.74531874622468,0.0415397049330298
"mammogram_past_2_yrs_40_ia_yes",4.10295652451324,0.130655851386107
"mammogram_past_2_yrs_50_yes",3.07532418032316,0.0879922323651837
"mammogram_past_2_yrs_50_ia_yes",3.11887693213282,0.165920974441293
"mammogram_past_2_yrs_50_74_yes",1.8013239221179,0.0145930363084807
"mammogram_past_2_yrs_50_74_i_yes",2.02583412803919,0.00861906968161621
"medical_cost_yes",0.91614676663887,0.0142272819098616
"memory_loss_no",1.85045430284677,0.0753738276651604
"obese_yes",1.32551113818328,0.022108274123027
"other_cancer_no",2.18401439935304,0.0167157042761482
"overweight_or_obese_yes",2.57509805588921,0.0285064240708521
"pain_med_not_rx_no",1.76918339549815,0.0396331269006253
"pneumonia_shot_18_yes",0,0.00292096931191248
"pneumonia_shot_65_yes",1.64129534995397,0.00947787079487441
"poor_mental_health_14_days_14_or_more_days",2.755214656132,0.0950251745686343
"poor_mental_health_14_days_none_to_less_than_14_days",2.62027478658741,0.0693508591699381
"poor_mental_health_5_days_5_or_more_days",1.48738394914253,0.012103912888407
"poor_mental_health_5_days_none_to_less_than_5_days",0.574360541314943,0.00653672771872799
"poor_physical_health_14_day_14_or_more_days",1.41913028802298,0.000185055334655092
"poor_physical_health_14_day_none_to_less_than_14_days",1.6517515631802,0.000466680056266872
"poor_physical_health_5_days_5_or_more_days",1.44418296912205,0.0302590964114889
"poor_physical_health_5_days_none_to_less_than_5_days",1.55029748991425,0.065378920694924
"pre_diabetes_yes",2.07511837802586,0.0478895023459866
"pre_diabetes_2_yes",0.791212468392968,0.000118697566663504
"provided_care_past_30_days_yes",3.07384531555052,0.0150779544999958
"reg_bp_check_yes",-0.245052660417075,0.0115096711033647
"remove_teeth_1_to_5",1.07734014027056,0.00295420782383474
"remove_teeth_6_or_more_but_not_all",1.35139852595629,0.0167264781635273
"routine_checkup_within_the_past_2_years",2.17505346077747,0.0599681875204973
"routine_checkup_within_the_past_year",0.638485453909795,0.0141402081877737
"routine_checkup_in_the_past_yes",0.210641273274426,0.0180324213927255
"rx_opioid_no",1.07110984366939,0.0545668973121803
"rx_pain_med_no",1.46863383732631,0.0273961631246279
"rx_pain_risk_ed_source_no",1.39779206290705,0.0113608246412918
"served_on_active_duty_yes",0.729513668334075,0.0639776227121316
"sexual_orientation_straight",-1.61375191730038,0.0039040131929653
"sigm_past_10_yrs_50_75_ia_no",-0.882466572065213,0.0289046239651518
"sigm_past_10_yrs_age_50_75_no",1.38551342640529,0.00755192836119313
"sigm_past_5_yrs_50_75_ia_no",2.21487295465508,0.0536004292492522
"sigm_past_5_yrs_age_50_75_no",2.48445073673959,0.0509630048831329
"skin_cancer_no",1.46606356770334,0.0480954493575752
"smokeless_tobacco_use_not_at_all",1.9824801435446,0.0157963435986609
"smoker_status_former_smoker",1.55784239812572,0.00690612574986023
"smoker_status_never_smoked",0.816662935249105,0.00867729030755017
"stool_dna_past_3_yrs_50_75_i_no",0.943452208218845,0.00753024670269901
"stool_dna_past_3_yrs_age_50_no",1.5302492166308,0.00661649027789665
"stroke_no",1.0260968352717,0.0003816261649075
"suicidal_ideation_no",1.14572562058849,0.0540668667365957
"suicide_attempt_no",0,1.98254111540207e-20
"teeth_removed_yes",0.277635590314039,0.00375824051020048
"up_to_date_crc_scrn_50_75_ia_yes",-1.00071505193263,0.00508806535439122
"up_to_date_crc_scrn_age_50_7_yes",-1.00071505193263,0.000100411227591797
"v_col_5_yrs_50_75_ia_no",1.00071505193263,5.9553572028183e-06
"v_col_5_yrs_age_50_75_no",0,0
"virtual_colonoscopy_no",0.59181775896211,0.00185924679393309
"ep_unemp",-0.525661190698228,0.13576594269239
"ep_hburd",3.70996734674715,1.01840242563369
"ep_nohsdp",4.55813544866584,1.04164615273734
"ep_age65",4.83926735877574,0.810800781966842
"ep_age17",-1.02504356003344,1.01427722599612
"ep_disabl",0.567445865528569,0.146747258758177
"ep_sngpnt",-0.509024624804194,0.103025670864216
"ep_limeng",0.735540929227492,0.169286814375441
"ep_munit",4.56525020526337,0.369544322113784
"ep_mobile",3.28857379342738,0.318213667919168
"ep_crowd",0.639503537197171,0.0950151736814948
"ep_noveh",0.596837693524946,0.197402873604676
"ep_groupq",-0.945972735148214,0.169065523516859
"ep_noint",0.947447365300134,0.141099773945913
"ep_asian",-1.25332534538382,0.17563973591918
"ep_aian",0.569597677856425,0.0797088177360441
"ep_nhpi",-1.14334800659674,0.037941764536838
"ep_twomore",0.085373356231565,0.105066156715362
"ep_otherrace",3.66464889232805,0.234940407299843
"density",4.97944545428327,0.375929025693557
