county,CODE2023,CODE2013
Anderson,5.0,5.0
Andrews,5.0,5.0
Angelina,5.0,5.0
Aransas,3.0,3.0
Archer,4.0,4.0
Armstrong,3.0,3.0
Atascosa,2.0,2.0
Austin,2.0,2.0
Bailey,6.0,6.0
Bandera,2.0,2.0
Bastrop,2.0,2.0
Baylor,6.0,6.0
Bee,5.0,5.0
Bell,3.0,3.0
Bexar,1.0,1.0
Blanco,6.0,6.0
Borden,6.0,6.0
Bosque,3.0,6.0
Bowie,4.0,4.0
Brazoria,2.0,2.0
Brazos,3.0,4.0
Brewster,6.0,6.0
Briscoe,6.0,6.0
Brooks,5.0,6.0
Brown,5.0,5.0
Burleson,3.0,4.0
Burnet,6.0,6.0
Caldwell,2.0,2.0
Calhoun,5.0,5.0
Callahan,4.0,4.0
Cameron,3.0,3.0
Camp,5.0,6.0
Carson,3.0,3.0
Cass,6.0,6.0
Castro,6.0,6.0
Chambers,2.0,2.0
Cherokee,5.0,5.0
Childress,6.0,6.0
Clay,4.0,4.0
Cochran,3.0,6.0
Coke,6.0,6.0
Coleman,6.0,6.0
Collin,1.0,1.0
Collingsworth,6.0,6.0
Colorado,6.0,6.0
Comal,2.0,2.0
Comanche,6.0,6.0
Concho,6.0,6.0
Cooke,5.0,5.0
Coryell,3.0,3.0
Cottle,6.0,6.0
Crane,6.0,6.0
Crockett,6.0,6.0
Crosby,3.0,3.0
Culberson,6.0,6.0
Dallam,6.0,6.0
Dallas,1.0,1.0
Dawson,6.0,5.0
Deaf Smith,5.0,5.0
Delta,6.0,6.0
Denton,2.0,2.0
DeWitt,6.0,6.0
Dickens,6.0,6.0
Dimmit,6.0,6.0
Donley,6.0,6.0
Duval,6.0,6.0
Eastland,6.0,6.0
Ector,4.0,4.0
Edwards,6.0,6.0
Ellis,2.0,2.0
El Paso,3.0,3.0
Erath,5.0,5.0
Falls,3.0,3.0
Fannin,5.0,6.0
Fayette,6.0,6.0
Fisher,6.0,6.0
Floyd,5.0,6.0
Foard,6.0,6.0
Fort Bend,2.0,2.0
Franklin,6.0,6.0
Freestone,6.0,6.0
Frio,6.0,6.0
Gaines,6.0,6.0
Galveston,2.0,2.0
Garza,3.0,6.0
Gillespie,5.0,5.0
Glasscock,6.0,5.0
Goliad,4.0,4.0
Gonzales,6.0,6.0
Gray,5.0,5.0
Grayson,4.0,4.0
Gregg,3.0,4.0
Grimes,6.0,6.0
Guadalupe,2.0,2.0
Hale,5.0,5.0
Hall,6.0,6.0
Hamilton,6.0,6.0
Hansford,6.0,6.0
Hardeman,6.0,6.0
Hardin,3.0,3.0
Harris,1.0,1.0
Harrison,3.0,5.0
Hartley,6.0,6.0
Haskell,6.0,6.0
Hays,2.0,2.0
Hemphill,6.0,6.0
Henderson,5.0,5.0
Hidalgo,3.0,3.0
Hill,6.0,6.0
Hockley,3.0,5.0
Hood,5.0,2.0
Hopkins,5.0,5.0
Houston,6.0,6.0
Howard,5.0,5.0
Hudspeth,3.0,3.0
Hunt,2.0,2.0
Hutchinson,5.0,5.0
Irion,4.0,4.0
Jack,6.0,6.0
Jackson,6.0,6.0
Jasper,6.0,6.0
Jeff Davis,6.0,6.0
Jefferson,3.0,3.0
Jim Hogg,6.0,6.0
Jim Wells,5.0,5.0
Johnson,2.0,2.0
Jones,4.0,4.0
Karnes,6.0,6.0
Kaufman,2.0,2.0
Kendall,2.0,2.0
Kenedy,6.0,5.0
Kent,6.0,6.0
Kerr,5.0,5.0
Kimble,6.0,6.0
King,6.0,6.0
Kinney,6.0,6.0
Kleberg,5.0,5.0
Knox,6.0,6.0
Lamar,5.0,5.0
Lamb,6.0,6.0
Lampasas,3.0,3.0
La Salle,6.0,6.0
Lavaca,6.0,6.0
Lee,6.0,6.0
Leon,6.0,6.0
Liberty,2.0,2.0
Limestone,6.0,6.0
Lipscomb,6.0,6.0
Live Oak,6.0,6.0
Llano,6.0,6.0
Loving,6.0,6.0
Lubbock,3.0,3.0
Lynn,3.0,3.0
McCulloch,6.0,6.0
McLennan,3.0,3.0
McMullen,6.0,6.0
Madison,6.0,6.0
Marion,6.0,6.0
Martin,4.0,4.0
Mason,6.0,6.0
Matagorda,5.0,5.0
Maverick,4.0,5.0
Medina,2.0,2.0
Menard,6.0,6.0
Midland,4.0,4.0
Milam,6.0,6.0
Mills,6.0,6.0
Mitchell,6.0,6.0
Montague,6.0,6.0
Montgomery,2.0,2.0
Moore,5.0,5.0
Morris,5.0,6.0
Motley,6.0,6.0
Nacogdoches,5.0,5.0
Navarro,5.0,5.0
Newton,6.0,3.0
Nolan,5.0,5.0
Nueces,3.0,3.0
Ochiltree,6.0,6.0
Oldham,3.0,3.0
Orange,3.0,3.0
Palo Pinto,5.0,5.0
Panola,6.0,6.0
Parker,2.0,2.0
Parmer,6.0,6.0
Pecos,6.0,6.0
Polk,6.0,6.0
Potter,3.0,3.0
Presidio,6.0,6.0
Rains,6.0,6.0
Randall,3.0,3.0
Reagan,6.0,6.0
Real,6.0,6.0
Red River,5.0,6.0
Reeves,5.0,5.0
Refugio,6.0,6.0
Roberts,5.0,6.0
Robertson,3.0,4.0
Rockwall,2.0,2.0
Runnels,6.0,6.0
Rusk,3.0,4.0
Sabine,6.0,6.0
San Augustine,6.0,6.0
San Jacinto,2.0,6.0
San Patricio,3.0,3.0
San Saba,6.0,6.0
Schleicher,6.0,6.0
Scurry,5.0,5.0
Shackelford,6.0,6.0
Shelby,6.0,6.0
Sherman,6.0,6.0
Smith,4.0,4.0
Somervell,6.0,2.0
Starr,5.0,5.0
Stephens,6.0,6.0
Sterling,6.0,6.0
Stonewall,6.0,6.0
Sutton,6.0,6.0
Swisher,6.0,6.0
Tarrant,1.0,1.0
Taylor,4.0,4.0
Terrell,6.0,6.0
Terry,6.0,6.0
Throckmorton,6.0,6.0
Titus,5.0,5.0
Tom Green,4.0,4.0
Travis,1.0,1.0
Trinity,6.0,5.0
Tyler,6.0,6.0
Upshur,3.0,4.0
Upton,6.0,6.0
Uvalde,5.0,5.0
Val Verde,5.0,5.0
Van Zandt,6.0,6.0
Victoria,4.0,4.0
Walker,5.0,5.0
Waller,2.0,2.0
Ward,6.0,6.0
Washington,5.0,5.0
Webb,3.0,3.0
Wharton,5.0,5.0
Wheeler,6.0,6.0
Wichita,4.0,4.0
Wilbarger,5.0,5.0
Willacy,5.0,5.0
Williamson,2.0,2.0
Wilson,2.0,2.0
Winkler,6.0,6.0
Wise,2.0,2.0
Wood,6.0,6.0
Yoakum,6.0,6.0
Young,6.0,6.0
Zapata,5.0,5.0
Zavala,6.0,6.0
