feature,area,question,total_yes_percent,total_no_percent,total_a_doctor_s_office_or_health_maintenance_organization_hmo_percent,total_a_health_department_percent,total_a_hospital_example_inpatient_percent,total_a_school_percent,total_a_senior_recreation_or_community_center_percent,total_a_store_examples_supermarket_drug_store_percent,total_an_emergency_room_percent,total_another_type_of_clinic_or_health_center_example_a_community_health_center_percent,total_received_vaccination_in_canada_mexico_percent,total_workplace_percent,total_some_other_kind_of_place_percent,total_current_percent,total_former_percent,total_never_percent,total_obese_percent,total_overweight_percent,total_neither_overweight_or_obese_percent,total_normal_percent,total_underweight_percent,total_extremely_obese_percent,total_within_the_past_year_anytime_less_than_12_months_ago_percent,total_within_the_past_2_years_1_year_but_less_than_2_years_ago_percent,total_within_the_past_3_years_2_years_but_less_than_3_years_ago_percent,total_within_the_past_5_years_3_years_but_less_than_5_years_ago_percent,total_5_or_more_years_ago_percent,total_10_or_more_years_ago_percent,total_within_the_past_10_years_5_years_but_less_than_10_years_ago_percent,total_yes_but_female_told_only_during_pregnancy_percent,total_no_pre_diabetes_or_borderline_diabetes_percent,total_41_percent,total_41_64_percent,total_65_percent,total_within_the_past_month_anytime_less_than_1_month_ago_percent,total_within_the_past_year_1_month_but_less_than_12_months_ago_percent,total_2_or_more_years_ago_percent,total_yes_only_one_percent,total_more_than_one_percent,total_within_past_year_anytime_less_than_12_months_ago_percent,total_within_past_2_years_1_year_but_less_than_2_years_ago_percent,total_within_past_5_years_2_years_but_less_than_5_years_ago_percent,total_poor_percent,total_fair_percent,total_good_percent,total_very_good_percent,total_excellent_percent,total_fair_or_poor_health_percent,total_good_or_better_health_percent,total_5_or_more_days_percent,total_none_to_less_than_5_days_percent,total_14_or_more_days_percent,total_none_to_less_than_14_days_percent,total_1_to_4_miles_percent,total_5_to_9_miles_percent,total_10_to_14_miles_percent,total_15_to_20_miles_percent,total_21_to_50_miles_percent,total_more_than_50_miles_percent,total_none_or_less_than_5_days_percent,total_none_or_less_than_14_days_percent,total_1_to_5_percent,total_6_or_more_but_not_all_percent,total_all_percent,total_none_percent,total_within_the_past_5_years_2_years_but_less_than_5_years_ago_percent,total_yes_during_pregnancy_percent,total_always_percent,total_nearly_always_percent,total_sometimes_percent,total_seldom_percent,total_never_drive_or_ride_in_a_car_percent,total_every_day_percent,total_some_days_percent,total_not_at_all_percent,total_current_smoker_every_day_percent,total_current_smoker_some_days_percent,total_former_smoker_percent,total_never_smoker_percent,total_within_the_past_month_less_than_1_month_ago_percent,total_within_the_past_3_months_1_month_but_less_than_3_months_ago_percent,total_within_the_past_6_months_3_months_but_le8ss_than_6_months_ago_percent,total_within_the_past_year_6_months_but_less_than_1_year_ago_percent,total_within_the_past_5_years_1_year_but_less_than_5_years_ago_percent,total_10_years_or_more_percent,total_never_smoked_regularly_percent
"Pneumonia Shot, 18+",1,Ever Had Pneumonia Shot,30.2%,69.8%,,,,,,,,,,,,,,,,,,,,,,,,,,,,,,,,,,,,,,,,,,,,,,,,,,,,,,,,,,,,,,,,,,,,,,,,,,,,,,,,,,,,
"Pneumonia Shot, 65+",1,"Ever Had Pneumonia Shot, Age 65+",71.9%,28.1%,,,,,,,,,,,,,,,,,,,,,,,,,,,,,,,,,,,,,,,,,,,,,,,,,,,,,,,,,,,,,,,,,,,,,,,,,,,,,,,,,,,,
Flu Shot in Past Year,1,Flu Shot in the Past Year,34.1%,65.9%,,,,,,,,,,,,,,,,,,,,,,,,,,,,,,,,,,,,,,,,,,,,,,,,,,,,,,,,,,,,,,,,,,,,,,,,,,,,,,,,,,,,
"Flu Shot, 18-64",1,"Flu Shot in the Past Year, Age 18-64",26.2%,73.8%,,,,,,,,,,,,,,,,,,,,,,,,,,,,,,,,,,,,,,,,,,,,,,,,,,,,,,,,,,,,,,,,,,,,,,,,,,,,,,,,,,,,
"Flu Shot, 65+",1,"Flu Shot in the Past Year, Age 65+",70.2%,29.8%,,,,,,,,,,,,,,,,,,,,,,,,,,,,,,,,,,,,,,,,,,,,,,,,,,,,,,,,,,,,,,,,,,,,,,,,,,,,,,,,,,,,
Flu Vaccine Location,1,Location of Flu Shot,,,31.6%,0.4%,9.1%,0.0%,2.5%,22.9%,0.0%,7.3%,0.0%,12.2%,14.0%,,,,,,,,,,,,,,,,,,,,,,,,,,,,,,,,,,,,,,,,,,,,,,,,,,,,,,,,,,,,,,,,,,,,,,,,,
Any Drinking Past Month,1,Any Drinking in the Past Month,40.8%,59.2%,,,,,,,,,,,,,,,,,,,,,,,,,,,,,,,,,,,,,,,,,,,,,,,,,,,,,,,,,,,,,,,,,,,,,,,,,,,,,,,,,,,,
Binge Drinking,1,Binge Drinking in the Past Month,13.7%,86.3%,,,,,,,,,,,,,,,,,,,,,,,,,,,,,,,,,,,,,,,,,,,,,,,,,,,,,,,,,,,,,,,,,,,,,,,,,,,,,,,,,,,,
Heavy Drinking - Females,1,"Binge Drinking or Heavy Alcohol Consumption, Females Age 18-44",16.9%,83.1%,,,,,,,,,,,,,,,,,,,,,,,,,,,,,,,,,,,,,,,,,,,,,,,,,,,,,,,,,,,,,,,,,,,,,,,,,,,,,,,,,,,,
Heavy Drinking,1,Heavy Alcohol Consumption,4.8%,95.2%,,,,,,,,,,,,,,,,,,,,,,,,,,,,,,,,,,,,,,,,,,,,,,,,,,,,,,,,,,,,,,,,,,,,,,,,,,,,,,,,,,,,
Heavy Drinking,1,"Heavy Alcohol Consumption, Females",4.9%,95.1%,,,,,,,,,,,,,,,,,,,,,,,,,,,,,,,,,,,,,,,,,,,,,,,,,,,,,,,,,,,,,,,,,,,,,,,,,,,,,,,,,,,,
Heavy Drinking,1,"Heavy Alcohol Consumption, Males",4.8%,95.2%,,,,,,,,,,,,,,,,,,,,,,,,,,,,,,,,,,,,,,,,,,,,,,,,,,,,,,,,,,,,,,,,,,,,,,,,,,,,,,,,,,,,
Routine Checkup,1,Advised To Reduce or Quit Drinking,10.0%,90.0%,,,,,,,,,,,,,,,,,,,,,,,,,,,,,,,,,,,,,,,,,,,,,,,,,,,,,,,,,,,,,,,,,,,,,,,,,,,,,,,,,,,,
Binge Drinking,1,Asked About Binge Drinking,31.0%,69.0%,,,,,,,,,,,,,,,,,,,,,,,,,,,,,,,,,,,,,,,,,,,,,,,,,,,,,,,,,,,,,,,,,,,,,,,,,,,,,,,,,,,,
Health Care Provider,1,Asked in Person or On A Form About Amount of Drinking,60.0%,40.0%,,,,,,,,,,,,,,,,,,,,,,,,,,,,,,,,,,,,,,,,,,,,,,,,,,,,,,,,,,,,,,,,,,,,,,,,,,,,,,,,,,,,
Binge Drinking,1,Asked in Person or On A Form If Drinking Alcohol,74.8%,25.2%,,,,,,,,,,,,,,,,,,,,,,,,,,,,,,,,,,,,,,,,,,,,,,,,,,,,,,,,,,,,,,,,,,,,,,,,,,,,,,,,,,,,
Arthritis,1,Arthritis,21.9%,78.1%,,,,,,,,,,,,,,,,,,,,,,,,,,,,,,,,,,,,,,,,,,,,,,,,,,,,,,,,,,,,,,,,,,,,,,,,,,,,,,,,,,,,
Asthma Status,1,Asthma Status,,,,,,,,,,,,,,6.3%,3.3%,90.3%,,,,,,,,,,,,,,,,,,,,,,,,,,,,,,,,,,,,,,,,,,,,,,,,,,,,,,,,,,,,,,,,,,,,,,
Current Asthma,1,Current Asthma,65.3%,34.7%,,,,,,,,,,,,,,,,,,,,,,,,,,,,,,,,,,,,,,,,,,,,,,,,,,,,,,,,,,,,,,,,,,,,,,,,,,,,,,,,,,,,
Current Asthma,1,Current Asthma Status,6.3%,93.7%,,,,,,,,,,,,,,,,,,,,,,,,,,,,,,,,,,,,,,,,,,,,,,,,,,,,,,,,,,,,,,,,,,,,,,,,,,,,,,,,,,,,
Lifetime Asthma,1,Lifetime Asthma,9.9%,90.1%,,,,,,,,,,,,,,,,,,,,,,,,,,,,,,,,,,,,,,,,,,,,,,,,,,,,,,,,,,,,,,,,,,,,,,,,,,,,,,,,,,,,
BMI 3 Categories,1,Body Mass Index (BMI) 3 Categories,,,,,,,,,,,,,,,,,32.5%,35.3%,32.1%,,,,,,,,,,,,,,,,,,,,,,,,,,,,,,,,,,,,,,,,,,,,,,,,,,,,,,,,,,,,,,,,,,,
BMI 4 Categories,1,Body Mass Index (BMI) 4 Categories,,,,,,,,,,,,,,,,,32.5%,35.3%,,30.0%,2.1%,,,,,,,,,,,,,,,,,,,,,,,,,,,,,,,,,,,,,,,,,,,,,,,,,,,,,,,,,,,,,,,,,
BMI 5 Categories,1,Body Mass Index (BMI) 5 Categories,,,,,,,,,,,,,,,,,26.6%,35.3%,,30.0%,2.1%,6.0%,,,,,,,,,,,,,,,,,,,,,,,,,,,,,,,,,,,,,,,,,,,,,,,,,,,,,,,,,,,,,,,,
Obese,1,Obese,32.5%,67.5%,,,,,,,,,,,,,,,,,,,,,,,,,,,,,,,,,,,,,,,,,,,,,,,,,,,,,,,,,,,,,,,,,,,,,,,,,,,,,,,,,,,,
Overweight or Obese,1,Overweight or Obese,67.9%,32.1%,,,,,,,,,,,,,,,,,,,,,,,,,,,,,,,,,,,,,,,,,,,,,,,,,,,,,,,,,,,,,,,,,,,,,,,,,,,,,,,,,,,,
Mammogram Past 2 Yrs 40+,1,"Clinical Breast Exam in the Past Year, Age 40+",43.1%,56.9%,,,,,,,,,,,,,,,,,,,,,,,,,,,,,,,,,,,,,,,,,,,,,,,,,,,,,,,,,,,,,,,,,,,,,,,,,,,,,,,,,,,,
Mammogram,1,Ever Had a Mammogram,65.7%,34.3%,,,,,,,,,,,,,,,,,,,,,,,,,,,,,,,,,,,,,,,,,,,,,,,,,,,,,,,,,,,,,,,,,,,,,,,,,,,,,,,,,,,,
Mammogram,1,Ever Had Clinical Breast Exam,82.2%,17.8%,,,,,,,,,,,,,,,,,,,,,,,,,,,,,,,,,,,,,,,,,,,,,,,,,,,,,,,,,,,,,,,,,,,,,,,,,,,,,,,,,,,,
Hysterectomy,1,Had Hysterectomy,33.3%,66.7%,,,,,,,,,,,,,,,,,,,,,,,,,,,,,,,,,,,,,,,,,,,,,,,,,,,,,,,,,,,,,,,,,,,,,,,,,,,,,,,,,,,,
Mammogram Past 2 Yrs 40+,1,"Mammogram in the Past 2 Years, Age 40+",26.3%,73.7%,,,,,,,,,,,,,,,,,,,,,,,,,,,,,,,,,,,,,,,,,,,,,,,,,,,,,,,,,,,,,,,,,,,,,,,,,,,,,,,,,,,,
Mammogram Past 2 Yrs 50-74,1,"Mammogram in the Past 2 Years, Age 50-74",20.5%,79.5%,,,,,,,,,,,,,,,,,,,,,,,,,,,,,,,,,,,,,,,,,,,,,,,,,,,,,,,,,,,,,,,,,,,,,,,,,,,,,,,,,,,,
Mammogram Past 2 Yrs 50+,1,"Mammogram in the Past 2 Years, Age 50+",24.8%,75.2%,,,,,,,,,,,,,,,,,,,,,,,,,,,,,,,,,,,,,,,,,,,,,,,,,,,,,,,,,,,,,,,,,,,,,,,,,,,,,,,,,,,,
Pap Test Past 3 Yrs 21-65,1,Pap Smear Test in the Past 3 Years,32.1%,67.9%,,,,,,,,,,,,,,,,,,,,,,,,,,,,,,,,,,,,,,,,,,,,,,,,,,,,,,,,,,,,,,,,,,,,,,,,,,,,,,,,,,,,
Pap Test Past 3 Yrs 21-65,1,"Pap Smear Test in the Past 3 Years, Age 21-65",21.2%,78.8%,,,,,,,,,,,,,,,,,,,,,,,,,,,,,,,,,,,,,,,,,,,,,,,,,,,,,,,,,,,,,,,,,,,,,,,,,,,,,,,,,,,,
DurationClnscpySgmy,1,Time Since Last Clinical Breast Exam,,,,,,,,,,,,,,,,,,,,,,,63.5%,16.5%,4.0%,7.3%,8.7%,,,,,,,,,,,,,,,,,,,,,,,,,,,,,,,,,,,,,,,,,,,,,,,,,,,,,,,,,,,
Mammogram,1,Time Since Last Mammogram,,,,,,,,,,,,,,,,,,,,,,,62.5%,17.3%,4.7%,8.6%,7.0%,,,,,,,,,,,,,,,,,,,,,,,,,,,,,,,,,,,,,,,,,,,,,,,,,,,,,,,,,,,
DurationHomeBloodStoolTest,1,Time Since Last Pap Smear Test,,,,,,,,,,,,,,,,,,,,,,,46.3%,20.4%,6.9%,8.1%,18.2%,,,,,,,,,,,,,,,,,,,,,,,,,,,,,,,,,,,,,,,,,,,,,,,,,,,,,,,,,,,
Any Cancer,1,Any Cancer,10.1%,89.9%,,,,,,,,,,,,,,,,,,,,,,,,,,,,,,,,,,,,,,,,,,,,,,,,,,,,,,,,,,,,,,,,,,,,,,,,,,,,,,,,,,,,
Other Cancer,1,Other Cancer,5.1%,94.9%,,,,,,,,,,,,,,,,,,,,,,,,,,,,,,,,,,,,,,,,,,,,,,,,,,,,,,,,,,,,,,,,,,,,,,,,,,,,,,,,,,,,
Skin Cancer,1,Skin Cancer,6.1%,93.9%,,,,,,,,,,,,,,,,,,,,,,,,,,,,,,,,,,,,,,,,,,,,,,,,,,,,,,,,,,,,,,,,,,,,,,,,,,,,,,,,,,,,
CVD,1,Cardiovascular Disease,7.0%,93.0%,,,,,,,,,,,,,,,,,,,,,,,,,,,,,,,,,,,,,,,,,,,,,,,,,,,,,,,,,,,,,,,,,,,,,,,,,,,,,,,,,,,,
Coronary Heart Disease,1,Coronary Heart Disease,4.3%,95.7%,,,,,,,,,,,,,,,,,,,,,,,,,,,,,,,,,,,,,,,,,,,,,,,,,,,,,,,,,,,,,,,,,,,,,,,,,,,,,,,,,,,,
CVD,1,Heart Attack,3.4%,96.6%,,,,,,,,,,,,,,,,,,,,,,,,,,,,,,,,,,,,,,,,,,,,,,,,,,,,,,,,,,,,,,,,,,,,,,,,,,,,,,,,,,,,
CVD,1,Heart Disease,5.9%,94.1%,,,,,,,,,,,,,,,,,,,,,,,,,,,,,,,,,,,,,,,,,,,,,,,,,,,,,,,,,,,,,,,,,,,,,,,,,,,,,,,,,,,,
CVD,1,Stroke,1.3%,98.7%,,,,,,,,,,,,,,,,,,,,,,,,,,,,,,,,,,,,,,,,,,,,,,,,,,,,,,,,,,,,,,,,,,,,,,,,,,,,,,,,,,,,
COPD,1,Chronic Obstructive Pulmonary Disease (COPD),5.0%,95.0%,,,,,,,,,,,,,,,,,,,,,,,,,,,,,,,,,,,,,,,,,,,,,,,,,,,,,,,,,,,,,,,,,,,,,,,,,,,,,,,,,,,,
FOBT Past Yr,1,"Blood Stool Test in the Past 2 Years, Age 50+",91.2%,8.8%,,,,,,,,,,,,,,,,,,,,,,,,,,,,,,,,,,,,,,,,,,,,,,,,,,,,,,,,,,,,,,,,,,,,,,,,,,,,,,,,,,,,
FOBT Past Yr,1,"Blood Stool Test in the Past 3 Years, Age 50-75",88.1%,11.9%,,,,,,,,,,,,,,,,,,,,,,,,,,,,,,,,,,,,,,,,,,,,,,,,,,,,,,,,,,,,,,,,,,,,,,,,,,,,,,,,,,,,
FOBT Past Yr,1,"Blood Stool Test in the Past Year, Age 50-75",91.7%,8.3%,,,,,,,,,,,,,,,,,,,,,,,,,,,,,,,,,,,,,,,,,,,,,,,,,,,,,,,,,,,,,,,,,,,,,,,,,,,,,,,,,,,,
Col Past 10 Yrs 50-75,1,"Colonoscopy in the Past 10 Years, Age 50-75",46.3%,53.7%,,,,,,,,,,,,,,,,,,,,,,,,,,,,,,,,,,,,,,,,,,,,,,,,,,,,,,,,,,,,,,,,,,,,,,,,,,,,,,,,,,,,
Ever Had Blood Stool Test,1,Ever Had Blood Stool Test,24.3%,75.7%,,,,,,,,,,,,,,,,,,,,,,,,,,,,,,,,,,,,,,,,,,,,,,,,,,,,,,,,,,,,,,,,,,,,,,,,,,,,,,,,,,,,
Sigm Past 5 Yrs Age 50-75,1,"Sigmoidoscopy in the Past 5 Years and Blood Stool Test in the Past 3 Years, Age 50-75",100.0%,0.0%,,,,,,,,,,,,,,,,,,,,,,,,,,,,,,,,,,,,,,,,,,,,,,,,,,,,,,,,,,,,,,,,,,,,,,,,,,,,,,,,,,,,
Sigm Past 5 Yrs Age 50-75,1,"Sigmoidoscopy in the Past 5 Years, Age 50-75",100.0%,0.0%,,,,,,,,,,,,,,,,,,,,,,,,,,,,,,,,,,,,,,,,,,,,,,,,,,,,,,,,,,,,,,,,,,,,,,,,,,,,,,,,,,,,
DurationHomeBloodStoolTest,1,Time Since Blood Stool Test,,,,,,,,,,,,,,,,,,,,,,,29.5%,8.6%,13.0%,11.3%,37.5%,,,,,,,,,,,,,,,,,,,,,,,,,,,,,,,,,,,,,,,,,,,,,,,,,,,,,,,,,,,
DurationClnscpySgmy,1,Time Since Last Sigmoidoscopy or Colonoscopy,,,,,,,,,,,,,,,,,,,,,,,18.5%,18.6%,16.8%,26.7%,,4.7%,14.8%,,,,,,,,,,,,,,,,,,,,,,,,,,,,,,,,,,,,,,,,,,,,,,,,,,,,,,,,,
Up-To-Date CRC Scrn Age 50-7,1,"Up-To-Date On Colorectal Cancer Screening, Age 50-75",45.0%,55.0%,,,,,,,,,,,,,,,,,,,,,,,,,,,,,,,,,,,,,,,,,,,,,,,,,,,,,,,,,,,,,,,,,,,,,,,,,,,,,,,,,,,,
Depressive Disorder,1,Depressive Disorders,12.1%,87.9%,,,,,,,,,,,,,,,,,,,,,,,,,,,,,,,,,,,,,,,,,,,,,,,,,,,,,,,,,,,,,,,,,,,,,,,,,,,,,,,,,,,,
Diabetes Status,1,Diabetes,9.1%,89.9%,,,,,,,,,,,,,,,,,,,,,,,,,,,,0.7%,0.3%,,,,,,,,,,,,,,,,,,,,,,,,,,,,,,,,,,,,,,,,,,,,,,,,,,,,,,,
Diabetes Status,1,Diabetes Status,9.1%,90.9%,,,,,,,,,,,,,,,,,,,,,,,,,,,,,,,,,,,,,,,,,,,,,,,,,,,,,,,,,,,,,,,,,,,,,,,,,,,,,,,,,,,,
A One C,1,A1C Test the Past Year,--,--,,,,,,,,,,,,,,,,,,,,,,,,,,,,,,,,,,,,,,,,,,,,,,,,,,,,,,,,,,,,,,,,,,,,,,,,,,,,,,,,,,,,
Diabetes,1,Age When Diagnosed With Diabetes,,,,,,,,,,,,,,,,,,,,,,,,,,,,,,,,--,--,--,,,,,,,,,,,,,,,,,,,,,,,,,,,,,,,,,,,,,,,,,,,,,,,,,,,,
Diabetes,1,Blood Checked for Sugar,--,--,,,,,,,,,,,,,,,,,,,,,,,,,,,,,,,,,,,,,,,,,,,,,,,,,,,,,,,,,,,,,,,,,,,,,,,,,,,,,,,,,,,,
Diabetes,1,Doctor Checked Feet,--,--,,,,,,,,,,,,,,,,,,,,,,,,,,,,,,,,,,,,,,,,,,,,,,,,,,,,,,,,,,,,,,,,,,,,,,,,,,,,,,,,,,,,
Diabetes,1,Doctor Seen for Diabetes,--,--,,,,,,,,,,,,,,,,,,,,,,,,,,,,,,,,,,,,,,,,,,,,,,,,,,,,,,,,,,,,,,,,,,,,,,,,,,,,,,,,,,,,
Diabetes,1,Ever Attended Diabetes Education,--,--,,,,,,,,,,,,,,,,,,,,,,,,,,,,,,,,,,,,,,,,,,,,,,,,,,,,,,,,,,,,,,,,,,,,,,,,,,,,,,,,,,,,
Diabetes,1,Ever Told Diabetes Affected Eyes,--,--,,,,,,,,,,,,,,,,,,,,,,,,,,,,,,,,,,,,,,,,,,,,,,,,,,,,,,,,,,,,,,,,,,,,,,,,,,,,,,,,,,,,
Diabetes,1,Feet Checked for Sores,--,--,,,,,,,,,,,,,,,,,,,,,,,,,,,,,,,,,,,,,,,,,,,,,,,,,,,,,,,,,,,,,,,,,,,,,,,,,,,,,,,,,,,,
Insulin,1,Taking Insulin,--,--,,,,,,,,,,,,,,,,,,,,,,,,,,,,,,,,,,,,,,,,,,,,,,,,,,,,,,,,,,,,,,,,,,,,,,,,,,,,,,,,,,,,
Diabetes Eye Exam,1,Time Since Last Eye Exam,,,,,,,,,,,,,,,,--,,,,,,,,--,,,,,,,,,,,--,--,--,,,,,,,,,,,,,,,,,,,,,,,,,,,,,,,,,,,,,,,,,,,,,,,,,
Blind,1,Blind or Have Serious Difficulty Seeing,4.7%,95.3%,,,,,,,,,,,,,,,,,,,,,,,,,,,,,,,,,,,,,,,,,,,,,,,,,,,,,,,,,,,,,,,,,,,,,,,,,,,,,,,,,,,,
Disability Status,1,Disability Status,21.0%,79.0%,,,,,,,,,,,,,,,,,,,,,,,,,,,,,,,,,,,,,,,,,,,,,,,,,,,,,,,,,,,,,,,,,,,,,,,,,,,,,,,,,,,,
Difficulty Doing Errands Alo,1,Have Difficulty Doing Errands Alone,5.7%,94.3%,,,,,,,,,,,,,,,,,,,,,,,,,,,,,,,,,,,,,,,,,,,,,,,,,,,,,,,,,,,,,,,,,,,,,,,,,,,,,,,,,,,,
Difficulty Concentrating,1,"Have Serious Difficulty Concentrating, Remembering, or Making Decisions",7.9%,92.1%,,,,,,,,,,,,,,,,,,,,,,,,,,,,,,,,,,,,,,,,,,,,,,,,,,,,,,,,,,,,,,,,,,,,,,,,,,,,,,,,,,,,
Difficulty Dressing,1,Have Serious Difficulty Dressing or Bathing,2.7%,97.3%,,,,,,,,,,,,,,,,,,,,,,,,,,,,,,,,,,,,,,,,,,,,,,,,,,,,,,,,,,,,,,,,,,,,,,,,,,,,,,,,,,,,
Difficulty Walking,1,Have Serious Difficulty Walking or Climbing Stairs,13.4%,86.6%,,,,,,,,,,,,,,,,,,,,,,,,,,,,,,,,,,,,,,,,,,,,,,,,,,,,,,,,,,,,,,,,,,,,,,,,,,,,,,,,,,,,
Any Drinking Past Month,1,Drinking and Driving in the Past Month,6.7%,93.3%,,,,,,,,,,,,,,,,,,,,,,,,,,,,,,,,,,,,,,,,,,,,,,,,,,,,,,,,,,,,,,,,,,,,,,,,,,,,,,,,,,,,
Leisure Time PA,1,Leisure Time Physical Activity,63.7%,36.3%,,,,,,,,,,,,,,,,,,,,,,,,,,,,,,,,,,,,,,,,,,,,,,,,,,,,,,,,,,,,,,,,,,,,,,,,,,,,,,,,,,,,
Mammogram Past 2 Yrs 40+,1,"Had A Fall in the Past Year, Age 45+",29.7%,70.3%,,,,,,,,,,,,,,,,,,,,,,,,,,,,,,,,,,,,,,,,,,,,,,,,,,,,,,,,,,,,,,,,,,,,,,,,,,,,,,,,,,,,
Health Care Provider,1,Have At Least One Personal Doctor,68.7%,31.3%,,,,,,,,,,,,,,,,,,,,,,,,,,,,,,,,,,,,,,,,,,,,,,,,,,,,,,,,,,,,,,,,,,,,,,,,,,,,,,,,,,,,
Health Care Provider,1,Have Personal Doctor,,31.3%,,,,,,,,,,,,,,,,,,,,,,,,,,,,,,,,,,,,60.0%,8.7%,,,,,,,,,,,,,,,,,,,,,,,,,,,,,,,,,,,,,,,,,,,,,,,
Health Care Coverage,1,Health Care Coverage,77.4%,22.6%,,,,,,,,,,,,,,,,,,,,,,,,,,,,,,,,,,,,,,,,,,,,,,,,,,,,,,,,,,,,,,,,,,,,,,,,,,,,,,,,,,,,
Health Care Coverage Age 18-,1,"Health Care Coverage, Age 18-64",72.9%,27.1%,,,,,,,,,,,,,,,,,,,,,,,,,,,,,,,,,,,,,,,,,,,,,,,,,,,,,,,,,,,,,,,,,,,,,,,,,,,,,,,,,,,,
Medical Cost,1,Medical Cost,17.7%,82.3%,,,,,,,,,,,,,,,,,,,,,,,,,,,,,,,,,,,,,,,,,,,,,,,,,,,,,,,,,,,,,,,,,,,,,,,,,,,,,,,,,,,,
Routine Checkup,1,Routine Checkup in the Past Year,63.1%,36.9%,,,,,,,,,,,,,,,,,,,,,,,,,,,,,,,,,,,,,,,,,,,,,,,,,,,,,,,,,,,,,,,,,,,,,,,,,,,,,,,,,,,,
Routine Checkup,1,Time Since Routine Checkup,,,,,,,,,,,,,,,,2.0%,,,,,,,,,,,13.0%,,,,,,,,,,,,,63.1%,12.3%,9.6%,,,,,,,,,,,,,,,,,,,,,,,,,,,,,,,,,,,,,,,,,,,,
General Health,1,General Health,,,,,,,,,,,,,,,,,,,,,,,,,,,,,,,,,,,,,,,,,,,6.1%,15.4%,40.4%,20.9%,17.1%,,,,,,,,,,,,,,,,,,,,,,,,,,,,,,,,,,,,,,,
Fair or Poor Health,1,General Health Fair to Poor,,,,,,,,,,,,,,,,,,,,,,,,,,,,,,,,,,,,,,,,,,,,,,,,21.5%,78.5%,,,,,,,,,,,,,,,,,,,,,,,,,,,,,,,,,,,,,
Poor Mental Health 5+ Days,1,Days of Poor Mental Health - 5+ Days,,,,,,,,,,,,,,,,,,,,,,,,,,,,,,,,,,,,,,,,,,,,,,,,,,14.9%,85.1%,,,,,,,,,,,,,,,,,,,,,,,,,,,,,,,,,,,
Poor Mental Health 14+ Days,1,Days of Poor Mental Health - 14+ Days,,,,,,,,,,,,,,,,,,,,,,,,,,,,,,,,,,,,,,,,,,,,,,,,,,,,8.6%,91.4%,,,,,,,,,,,,,,,,,,,,,,,,,,,,,,,,,
Poor Physical Health 5+ Days,1,Days of Poor Physical Health - 5+ Days,,,,,,,,,,,,,,,,,,,,,,,,,,,,,,,,,,,,,,,,,,,,,,,,,,17.2%,82.8%,,,,,,,,,,,,,,,,,,,,,,,,,,,,,,,,,,,
Poor Physical Health 14+ Day,1,Days of Poor Physical Health - 14+ Days,,,,,,,,,,,,,,,,,,,,,,,,,,,,,,,,,,,,,,,,,,,,,,,,,,,,10.5%,89.5%,,,,,,,,,,,,,,,,,,,,,,,,,,,,,,,,,
Poor Physical Health 5+ Days,1,Days Poor Health Interfered With Usual Activities - 5+ Days,,,,,,,,,,,,,,,,,,,,,,,,,,,,,,,,,,,,,,,,,,,,,,,,,,12.0%,88.0%,,,,,,,,,,,,,,,,,,,,,,,,,,,,,,,,,,,
Hlth Affected Activ 14+ Days,1,Days Poor Health Interfered With Usual Activities - 14+ Days,,,,,,,,,,,,,,,,,,,,,,,,,,,,,,,,,,,,,,,,,,,,,,,,,,,,7.2%,92.8%,,,,,,,,,,,,,,,,,,,,,,,,,,,,,,,,,
Ever Had HIV Test,1,Ever Had HIV Test,29.7%,70.3%,,,,,,,,,,,,,,,,,,,,,,,,,,,,,,,,,,,,,,,,,,,,,,,,,,,,,,,,,,,,,,,,,,,,,,,,,,,,,,,,,,,,
Kidney Disease,1,Kidney Disease,2.0%,98.0%,,,,,,,,,,,,,,,,,,,,,,,,,,,,,,,,,,,,,,,,,,,,,,,,,,,,,,,,,,,,,,,,,,,,,,,,,,,,,,,,,,,,
Mammogram,1,Doctor Ever Recommended a Mammogram,--,--,,,,,,,,,,,,,,,,,,,,,,,,,,,,,,,,,,,,,,,,,,,,,,,,,,,,,,,,,,,,,,,,,,,,,,,,,,,,,,,,,,,,
Mammogram,1,Miles From Work/Home to Closest Mammogram Clinic,,,,,,,,,,,,,,,,,,,,,,,,,,,,,,,,,,,,,,,,,,,,,,,,,,,,,,--,--,--,--,--,--,,,,,,,,,,,,,,,,,,,,,,,,,,,
Mammogram,1,Miles From Work/Home Traveled for Most Recent Mammogram,,,,,,,,,,,,,,,,,,,,,,,,,,,,,,,,,,,,,,,,,,,,,,,,,,,,,,15.1%,20.9%,20.5%,4.8%,24.0%,14.7%,,,,,,,,,,,,,,,,,,,,,,,,,,,
Mammogram,1,Most Recent Mammography Was Recommended,86.1%,13.9%,,,,,,,,,,,,,,,,,,,,,,,,,,,,,,,,,,,,,,,,,,,,,,,,,,,,,,,,,,,,,,,,,,,,,,,,,,,,,,,,,,,,
Poor Mental Health 5+ Days,1,Days Poor Mental Health Interfered With Activities - 5+ Days,,,,,,,,,,,,,,,,,,,,,,,,,,,,,,,,,,,,,,,,,,,,,,,,,,4.0%,,,,,,,,,,96.0%,,,,,,,,,,,,,,,,,,,,,,,,,,
Poor Mental Health 14+ Days,1,Days Poor Mental Health Interfered With Activities - 14+ Days,,,,,,,,,,,,,,,,,,,,,,,,,,,,,,,,,,,,,,,,,,,,,,,,,,,,2.5%,,,,,,,,,97.5%,,,,,,,,,,,,,,,,,,,,,,,,,
Insulin,1,Taking Medicine or Receiving Treatment for Mental Illness,8.3%,91.7%,,,,,,,,,,,,,,,,,,,,,,,,,,,,,,,,,,,,,,,,,,,,,,,,,,,,,,,,,,,,,,,,,,,,,,,,,,,,,,,,,,,,
Dentist Visit Past Year,1,Dentist Visit in the Past Year,54.5%,45.5%,,,,,,,,,,,,,,,,,,,,,,,,,,,,,,,,,,,,,,,,,,,,,,,,,,,,,,,,,,,,,,,,,,,,,,,,,,,,,,,,,,,,
RemoveTeeth,1,Number of Permanent Teeth Removed,,,,,,,,,,,,,,,,,,,,,,,,,,,,,,,,,,,,,,,,,,,,,,,,,,,,,,,,,,,,,,24.1%,6.1%,8.1%,61.6%,,,,,,,,,,,,,,,,,,,,,
Last Dentist Visit,1,Time Since Last Dentist Visit,,,,,,,,,,,,,,,,1.7%,,,,,,,54.5%,10.3%,,,16.8%,,,,,,,,,,,,,,,,,,,,,,,,,,,,,,,,,,,,,,,16.6%,,,,,,,,,,,,,,,,,,,,
Pre-Diabetes,1,Prediabetes,4.0%,93.8%,,,,,,,,,,,,,,,,,,,,,,,,,,,,,,,,,,,,,,,,,,,,,,,,,,,,,,,,,,,,,,,,,2.2%,,,,,,,,,,,,,,,,,,,
Diabetes Test,1,Tested for Diabetes or High Blood Sugar,47.8%,52.2%,,,,,,,,,,,,,,,,,,,,,,,,,,,,,,,,,,,,,,,,,,,,,,,,,,,,,,,,,,,,,,,,,,,,,,,,,,,,,,,,,,,,
Dr Rx Pain Talk,1,Ever Discussed Prostate-Specific Antigen Test Advantages,57.5%,42.5%,,,,,,,,,,,,,,,,,,,,,,,,,,,,,,,,,,,,,,,,,,,,,,,,,,,,,,,,,,,,,,,,,,,,,,,,,,,,,,,,,,,,
Dr Rx Pain Talk,1,Ever Discussed Prostate-Specific Antigen Test Disadvantages,18.6%,81.4%,,,,,,,,,,,,,,,,,,,,,,,,,,,,,,,,,,,,,,,,,,,,,,,,,,,,,,,,,,,,,,,,,,,,,,,,,,,,,,,,,,,,
Ever Told High BP,1,Prostate-Specific Antigen Test Ever Recommended,45.6%,54.4%,,,,,,,,,,,,,,,,,,,,,,,,,,,,,,,,,,,,,,,,,,,,,,,,,,,,,,,,,,,,,,,,,,,,,,,,,,,,,,,,,,,,
Mammogram Past 2 Yrs 40+,1,"Prostate-Specific Antigen Test in the Past 2 Years, Age 40+",53.1%,46.9%,,,,,,,,,,,,,,,,,,,,,,,,,,,,,,,,,,,,,,,,,,,,,,,,,,,,,,,,,,,,,,,,,,,,,,,,,,,,,,,,,,,,
DurationHomeBloodStoolTest,1,Time Since Last Prostate-Specific Antigen Test,,,,,,,,,,,,,,,,,,,,,,,69.5%,16.9%,4.6%,3.9%,5.1%,,,,,,,,,,,,,,,,,,,,,,,,,,,,,,,,,,,,,,,,,,,,,,,,,,,,,,,,,,,
Frequency of Smoking,1,Frequency of Seatbelt Use,,,,,,,,,,,,,,,,2.1%,,,,,,,,,,,,,,,,,,,,,,,,,,,,,,,,,,,,,,,,,,,,,,,,,,,,85.6%,7.6%,3.1%,1.6%,0.0%,,,,,,,,,,,,,,
Difficulty Doing Errands Alo,1,Activity on the Internet: Shopping,25.8%,74.2%,,,,,,,,,,,,,,,,,,,,,,,,,,,,,,,,,,,,,,,,,,,,,,,,,,,,,,,,,,,,,,,,,,,,,,,,,,,,,,,,,,,,
Current Smoker,1,Current Smoker,18.7%,81.3%,,,,,,,,,,,,,,,,,,,,,,,,,,,,,,,,,,,,,,,,,,,,,,,,,,,,,,,,,,,,,,,,,,,,,,,,,,,,,,,,,,,,
Ever Smoked,1,Ever Smoked,42.5%,57.5%,,,,,,,,,,,,,,,,,,,,,,,,,,,,,,,,,,,,,,,,,,,,,,,,,,,,,,,,,,,,,,,,,,,,,,,,,,,,,,,,,,,,
Frequency of Smoking,1,Frequency of Smoking,,,,,,,,,,,,,,,,,,,,,,,,,,,,,,,,,,,,,,,,,,,,,,,,,,,,,,,,,,,,,,,,,,,,,,,,,28.2%,15.7%,56.1%,,,,,,,,,,,
Quit Smoking in Past Yr,1,Quit Smoking in the Past Year,48.3%,51.7%,,,,,,,,,,,,,,,,,,,,,,,,,,,,,,,,,,,,,,,,,,,,,,,,,,,,,,,,,,,,,,,,,,,,,,,,,,,,,,,,,,,,
Smokeless Tobacco Use,1,Smokeless Tobacco Use,,,,,,,,,,,,,,,,,,,,,,,,,,,,,,,,,,,,,,,,,,,,,,,,,,,,,,,,,,,,,,,,,,,,,,,,,6.2%,2.1%,91.7%,,,,,,,,,,,
Smoker Status,1,Smoker Status,,,,,,,,,,,,,,,,,,,,,,,,,,,,,,,,,,,,,,,,,,,,,,,,,,,,,,,,,,,,,,,,,,,,,,,,,,,,12.0%,6.7%,23.9%,57.5%,,,,,,,
Last Smoked,1,Time Since Quit Smoking,,,,,,,,,,,,,,,,,,,,,,,,,,,,,15.7%,,,,,,,,,,,,,,,,,,,,,,,,,,,,,,,,,,,,,,,,,,,,,,,,,,,2.9%,11.2%,5.8%,4.0%,18.6%,40.7%,1.1%
Served on Active Duty,1,Served On Active Duty in the United States Armed Forces,8.0%,92.0%,,,,,,,,,,,,,,,,,,,,,,,,,,,,,,,,,,,,,,,,,,,,,,,,,,,,,,,,,,,,,,,,,,,,,,,,,,,,,,,,,,,,
"Pneumonia Shot, 18+",8,Ever Had Pneumonia Shot,30.0%,70.0%,,,,,,,,,,,,,,,,,,,,,,,,,,,,,,,,,,,,,,,,,,,,,,,,,,,,,,,,,,,,,,,,,,,,,,,,,,,,,,,,,,,,
"Pneumonia Shot, 65+",8,"Ever Had Pneumonia Shot, Age 65+",69.3%,30.7%,,,,,,,,,,,,,,,,,,,,,,,,,,,,,,,,,,,,,,,,,,,,,,,,,,,,,,,,,,,,,,,,,,,,,,,,,,,,,,,,,,,,
Flu Shot in Past Year,8,Flu Shot in the Past Year,38.8%,61.2%,,,,,,,,,,,,,,,,,,,,,,,,,,,,,,,,,,,,,,,,,,,,,,,,,,,,,,,,,,,,,,,,,,,,,,,,,,,,,,,,,,,,
"Flu Shot, 18-64",8,"Flu Shot in the Past Year, Age 18-64",34.0%,66.0%,,,,,,,,,,,,,,,,,,,,,,,,,,,,,,,,,,,,,,,,,,,,,,,,,,,,,,,,,,,,,,,,,,,,,,,,,,,,,,,,,,,,
"Flu Shot, 65+",8,"Flu Shot in the Past Year, Age 65+",60.8%,39.2%,,,,,,,,,,,,,,,,,,,,,,,,,,,,,,,,,,,,,,,,,,,,,,,,,,,,,,,,,,,,,,,,,,,,,,,,,,,,,,,,,,,,
Flu Vaccine Location,8,Location of Flu Shot,,,30.3%,0.7%,7.6%,1.3%,1.3%,29.5%,0.2%,12.4%,0.0%,14.3%,2.4%,,,,,,,,,,,,,,,,,,,,,,,,,,,,,,,,,,,,,,,,,,,,,,,,,,,,,,,,,,,,,,,,,,,,,,,,,
Any Drinking Past Month,8,Any Drinking in the Past Month,54.4%,45.6%,,,,,,,,,,,,,,,,,,,,,,,,,,,,,,,,,,,,,,,,,,,,,,,,,,,,,,,,,,,,,,,,,,,,,,,,,,,,,,,,,,,,
Binge Drinking,8,Binge Drinking in the Past Month,18.7%,81.3%,,,,,,,,,,,,,,,,,,,,,,,,,,,,,,,,,,,,,,,,,,,,,,,,,,,,,,,,,,,,,,,,,,,,,,,,,,,,,,,,,,,,
Heavy Drinking - Females,8,"Binge Drinking or Heavy Alcohol Consumption, Females Age 18-44",20.9%,79.1%,,,,,,,,,,,,,,,,,,,,,,,,,,,,,,,,,,,,,,,,,,,,,,,,,,,,,,,,,,,,,,,,,,,,,,,,,,,,,,,,,,,,
Heavy Drinking,8,Heavy Alcohol Consumption,7.4%,92.6%,,,,,,,,,,,,,,,,,,,,,,,,,,,,,,,,,,,,,,,,,,,,,,,,,,,,,,,,,,,,,,,,,,,,,,,,,,,,,,,,,,,,
Heavy Drinking,8,"Heavy Alcohol Consumption, Females",5.8%,94.2%,,,,,,,,,,,,,,,,,,,,,,,,,,,,,,,,,,,,,,,,,,,,,,,,,,,,,,,,,,,,,,,,,,,,,,,,,,,,,,,,,,,,
Heavy Drinking,8,"Heavy Alcohol Consumption, Males",9.1%,90.9%,,,,,,,,,,,,,,,,,,,,,,,,,,,,,,,,,,,,,,,,,,,,,,,,,,,,,,,,,,,,,,,,,,,,,,,,,,,,,,,,,,,,
Routine Checkup,8,Advised To Reduce or Quit Drinking,11.0%,89.0%,,,,,,,,,,,,,,,,,,,,,,,,,,,,,,,,,,,,,,,,,,,,,,,,,,,,,,,,,,,,,,,,,,,,,,,,,,,,,,,,,,,,
Binge Drinking,8,Asked About Binge Drinking,36.4%,63.6%,,,,,,,,,,,,,,,,,,,,,,,,,,,,,,,,,,,,,,,,,,,,,,,,,,,,,,,,,,,,,,,,,,,,,,,,,,,,,,,,,,,,
Health Care Provider,8,Asked in Person or On A Form About Amount of Drinking,66.9%,33.1%,,,,,,,,,,,,,,,,,,,,,,,,,,,,,,,,,,,,,,,,,,,,,,,,,,,,,,,,,,,,,,,,,,,,,,,,,,,,,,,,,,,,
Binge Drinking,8,Asked in Person or On A Form If Drinking Alcohol,77.2%,22.8%,,,,,,,,,,,,,,,,,,,,,,,,,,,,,,,,,,,,,,,,,,,,,,,,,,,,,,,,,,,,,,,,,,,,,,,,,,,,,,,,,,,,
Arthritis,8,Arthritis,20.6%,79.4%,,,,,,,,,,,,,,,,,,,,,,,,,,,,,,,,,,,,,,,,,,,,,,,,,,,,,,,,,,,,,,,,,,,,,,,,,,,,,,,,,,,,
Asthma Status,8,Asthma Status,,,,,,,,,,,,,,7.8%,4.6%,87.6%,,,,,,,,,,,,,,,,,,,,,,,,,,,,,,,,,,,,,,,,,,,,,,,,,,,,,,,,,,,,,,,,,,,,,,
Current Asthma,8,Current Asthma,62.7%,37.3%,,,,,,,,,,,,,,,,,,,,,,,,,,,,,,,,,,,,,,,,,,,,,,,,,,,,,,,,,,,,,,,,,,,,,,,,,,,,,,,,,,,,
Current Asthma,8,Current Asthma Status,7.8%,92.2%,,,,,,,,,,,,,,,,,,,,,,,,,,,,,,,,,,,,,,,,,,,,,,,,,,,,,,,,,,,,,,,,,,,,,,,,,,,,,,,,,,,,
Lifetime Asthma,8,Lifetime Asthma,12.6%,87.4%,,,,,,,,,,,,,,,,,,,,,,,,,,,,,,,,,,,,,,,,,,,,,,,,,,,,,,,,,,,,,,,,,,,,,,,,,,,,,,,,,,,,
BMI 3 Categories,8,Body Mass Index (BMI) 3 Categories,,,,,,,,,,,,,,,,,33.0%,38.5%,28.5%,,,,,,,,,,,,,,,,,,,,,,,,,,,,,,,,,,,,,,,,,,,,,,,,,,,,,,,,,,,,,,,,,,,
BMI 4 Categories,8,Body Mass Index (BMI) 4 Categories,,,,,,,,,,,,,,,,,33.0%,38.5%,,27.6%,0.9%,,,,,,,,,,,,,,,,,,,,,,,,,,,,,,,,,,,,,,,,,,,,,,,,,,,,,,,,,,,,,,,,,
BMI 5 Categories,8,Body Mass Index (BMI) 5 Categories,,,,,,,,,,,,,,,,,27.7%,38.5%,,27.6%,0.9%,5.3%,,,,,,,,,,,,,,,,,,,,,,,,,,,,,,,,,,,,,,,,,,,,,,,,,,,,,,,,,,,,,,,,
Obese,8,Obese,33.0%,67.0%,,,,,,,,,,,,,,,,,,,,,,,,,,,,,,,,,,,,,,,,,,,,,,,,,,,,,,,,,,,,,,,,,,,,,,,,,,,,,,,,,,,,
Overweight or Obese,8,Overweight or Obese,71.5%,28.5%,,,,,,,,,,,,,,,,,,,,,,,,,,,,,,,,,,,,,,,,,,,,,,,,,,,,,,,,,,,,,,,,,,,,,,,,,,,,,,,,,,,,
Mammogram Past 2 Yrs 40+,8,"Clinical Breast Exam in the Past Year, Age 40+",42.9%,57.1%,,,,,,,,,,,,,,,,,,,,,,,,,,,,,,,,,,,,,,,,,,,,,,,,,,,,,,,,,,,,,,,,,,,,,,,,,,,,,,,,,,,,
Mammogram,8,Ever Had a Mammogram,65.4%,34.6%,,,,,,,,,,,,,,,,,,,,,,,,,,,,,,,,,,,,,,,,,,,,,,,,,,,,,,,,,,,,,,,,,,,,,,,,,,,,,,,,,,,,
Mammogram,8,Ever Had Clinical Breast Exam,83.2%,16.8%,,,,,,,,,,,,,,,,,,,,,,,,,,,,,,,,,,,,,,,,,,,,,,,,,,,,,,,,,,,,,,,,,,,,,,,,,,,,,,,,,,,,
Hysterectomy,8,Had Hysterectomy,23.6%,76.4%,,,,,,,,,,,,,,,,,,,,,,,,,,,,,,,,,,,,,,,,,,,,,,,,,,,,,,,,,,,,,,,,,,,,,,,,,,,,,,,,,,,,
Mammogram Past 2 Yrs 40+,8,"Mammogram in the Past 2 Years, Age 40+",29.2%,70.8%,,,,,,,,,,,,,,,,,,,,,,,,,,,,,,,,,,,,,,,,,,,,,,,,,,,,,,,,,,,,,,,,,,,,,,,,,,,,,,,,,,,,
Mammogram Past 2 Yrs 50-74,8,"Mammogram in the Past 2 Years, Age 50-74",20.8%,79.2%,,,,,,,,,,,,,,,,,,,,,,,,,,,,,,,,,,,,,,,,,,,,,,,,,,,,,,,,,,,,,,,,,,,,,,,,,,,,,,,,,,,,
Mammogram Past 2 Yrs 50+,8,"Mammogram in the Past 2 Years, Age 50+",22.9%,77.1%,,,,,,,,,,,,,,,,,,,,,,,,,,,,,,,,,,,,,,,,,,,,,,,,,,,,,,,,,,,,,,,,,,,,,,,,,,,,,,,,,,,,
Pap Test Past 3 Yrs 21-65,8,Pap Smear Test in the Past 3 Years,30.0%,70.0%,,,,,,,,,,,,,,,,,,,,,,,,,,,,,,,,,,,,,,,,,,,,,,,,,,,,,,,,,,,,,,,,,,,,,,,,,,,,,,,,,,,,
Pap Test Past 3 Yrs 21-65,8,"Pap Smear Test in the Past 3 Years, Age 21-65",24.5%,75.5%,,,,,,,,,,,,,,,,,,,,,,,,,,,,,,,,,,,,,,,,,,,,,,,,,,,,,,,,,,,,,,,,,,,,,,,,,,,,,,,,,,,,
DurationClnscpySgmy,8,Time Since Last Clinical Breast Exam,,,,,,,,,,,,,,,,,,,,,,,65.5%,15.9%,5.8%,5.1%,7.7%,,,,,,,,,,,,,,,,,,,,,,,,,,,,,,,,,,,,,,,,,,,,,,,,,,,,,,,,,,,
Mammogram,8,Time Since Last Mammogram,,,,,,,,,,,,,,,,,,,,,,,56.1%,19.5%,7.1%,6.6%,10.8%,,,,,,,,,,,,,,,,,,,,,,,,,,,,,,,,,,,,,,,,,,,,,,,,,,,,,,,,,,,
DurationHomeBloodStoolTest,8,Time Since Last Pap Smear Test,,,,,,,,,,,,,,,,,,,,,,,48.7%,19.3%,7.8%,7.9%,16.4%,,,,,,,,,,,,,,,,,,,,,,,,,,,,,,,,,,,,,,,,,,,,,,,,,,,,,,,,,,,
Any Cancer,8,Any Cancer,9.6%,90.4%,,,,,,,,,,,,,,,,,,,,,,,,,,,,,,,,,,,,,,,,,,,,,,,,,,,,,,,,,,,,,,,,,,,,,,,,,,,,,,,,,,,,
Other Cancer,8,Other Cancer,6.0%,94.0%,,,,,,,,,,,,,,,,,,,,,,,,,,,,,,,,,,,,,,,,,,,,,,,,,,,,,,,,,,,,,,,,,,,,,,,,,,,,,,,,,,,,
Skin Cancer,8,Skin Cancer,4.4%,95.6%,,,,,,,,,,,,,,,,,,,,,,,,,,,,,,,,,,,,,,,,,,,,,,,,,,,,,,,,,,,,,,,,,,,,,,,,,,,,,,,,,,,,
CVD,8,Cardiovascular Disease,7.8%,92.2%,,,,,,,,,,,,,,,,,,,,,,,,,,,,,,,,,,,,,,,,,,,,,,,,,,,,,,,,,,,,,,,,,,,,,,,,,,,,,,,,,,,,
Coronary Heart Disease,8,Coronary Heart Disease,3.9%,96.1%,,,,,,,,,,,,,,,,,,,,,,,,,,,,,,,,,,,,,,,,,,,,,,,,,,,,,,,,,,,,,,,,,,,,,,,,,,,,,,,,,,,,
CVD,8,Heart Attack,4.5%,95.5%,,,,,,,,,,,,,,,,,,,,,,,,,,,,,,,,,,,,,,,,,,,,,,,,,,,,,,,,,,,,,,,,,,,,,,,,,,,,,,,,,,,,
CVD,8,Heart Disease,6.4%,93.6%,,,,,,,,,,,,,,,,,,,,,,,,,,,,,,,,,,,,,,,,,,,,,,,,,,,,,,,,,,,,,,,,,,,,,,,,,,,,,,,,,,,,
CVD,8,Stroke,2.4%,97.6%,,,,,,,,,,,,,,,,,,,,,,,,,,,,,,,,,,,,,,,,,,,,,,,,,,,,,,,,,,,,,,,,,,,,,,,,,,,,,,,,,,,,
COPD,8,Chronic Obstructive Pulmonary Disease (COPD),5.0%,95.0%,,,,,,,,,,,,,,,,,,,,,,,,,,,,,,,,,,,,,,,,,,,,,,,,,,,,,,,,,,,,,,,,,,,,,,,,,,,,,,,,,,,,
FOBT Past Yr,8,"Blood Stool Test in the Past 2 Years, Age 50+",86.8%,13.2%,,,,,,,,,,,,,,,,,,,,,,,,,,,,,,,,,,,,,,,,,,,,,,,,,,,,,,,,,,,,,,,,,,,,,,,,,,,,,,,,,,,,
FOBT Past Yr,8,"Blood Stool Test in the Past 3 Years, Age 50-75",85.5%,14.5%,,,,,,,,,,,,,,,,,,,,,,,,,,,,,,,,,,,,,,,,,,,,,,,,,,,,,,,,,,,,,,,,,,,,,,,,,,,,,,,,,,,,
FOBT Past Yr,8,"Blood Stool Test in the Past Year, Age 50-75",92.7%,7.3%,,,,,,,,,,,,,,,,,,,,,,,,,,,,,,,,,,,,,,,,,,,,,,,,,,,,,,,,,,,,,,,,,,,,,,,,,,,,,,,,,,,,
Col Past 10 Yrs 50-75,8,"Colonoscopy in the Past 10 Years, Age 50-75",37.8%,62.2%,,,,,,,,,,,,,,,,,,,,,,,,,,,,,,,,,,,,,,,,,,,,,,,,,,,,,,,,,,,,,,,,,,,,,,,,,,,,,,,,,,,,
Ever Had Blood Stool Test,8,Ever Had Blood Stool Test,28.9%,71.1%,,,,,,,,,,,,,,,,,,,,,,,,,,,,,,,,,,,,,,,,,,,,,,,,,,,,,,,,,,,,,,,,,,,,,,,,,,,,,,,,,,,,
Sigm Past 5 Yrs Age 50-75,8,"Sigmoidoscopy in the Past 5 Years and Blood Stool Test in the Past 3 Years, Age 50-75",99.9%,0.1%,,,,,,,,,,,,,,,,,,,,,,,,,,,,,,,,,,,,,,,,,,,,,,,,,,,,,,,,,,,,,,,,,,,,,,,,,,,,,,,,,,,,
Sigm Past 5 Yrs Age 50-75,8,"Sigmoidoscopy in the Past 5 Years, Age 50-75",97.6%,2.4%,,,,,,,,,,,,,,,,,,,,,,,,,,,,,,,,,,,,,,,,,,,,,,,,,,,,,,,,,,,,,,,,,,,,,,,,,,,,,,,,,,,,
DurationHomeBloodStoolTest,8,Time Since Blood Stool Test,,,,,,,,,,,,,,,,,,,,,,,26.3%,19.6%,10.3%,10.8%,33.0%,,,,,,,,,,,,,,,,,,,,,,,,,,,,,,,,,,,,,,,,,,,,,,,,,,,,,,,,,,,
DurationClnscpySgmy,8,Time Since Last Sigmoidoscopy or Colonoscopy,,,,,,,,,,,,,,,,,,,,,,,25.1%,17.7%,15.8%,19.8%,,4.7%,16.8%,,,,,,,,,,,,,,,,,,,,,,,,,,,,,,,,,,,,,,,,,,,,,,,,,,,,,,,,,
Up-To-Date CRC Scrn Age 50-7,8,"Up-To-Date On Colorectal Cancer Screening, Age 50-75",34.7%,65.3%,,,,,,,,,,,,,,,,,,,,,,,,,,,,,,,,,,,,,,,,,,,,,,,,,,,,,,,,,,,,,,,,,,,,,,,,,,,,,,,,,,,,
Depressive Disorder,8,Depressive Disorders,15.7%,84.3%,,,,,,,,,,,,,,,,,,,,,,,,,,,,,,,,,,,,,,,,,,,,,,,,,,,,,,,,,,,,,,,,,,,,,,,,,,,,,,,,,,,,
Diabetes Status,8,Diabetes,14.5%,82.4%,,,,,,,,,,,,,,,,,,,,,,,,,,,,1.4%,1.7%,,,,,,,,,,,,,,,,,,,,,,,,,,,,,,,,,,,,,,,,,,,,,,,,,,,,,,,
Diabetes Status,8,Diabetes Status,14.5%,85.5%,,,,,,,,,,,,,,,,,,,,,,,,,,,,,,,,,,,,,,,,,,,,,,,,,,,,,,,,,,,,,,,,,,,,,,,,,,,,,,,,,,,,
A One C,8,A1C Test the Past Year,80.2%,19.8%,,,,,,,,,,,,,,,,,,,,,,,,,,,,,,,,,,,,,,,,,,,,,,,,,,,,,,,,,,,,,,,,,,,,,,,,,,,,,,,,,,,,
Diabetes,8,Age When Diagnosed With Diabetes,,,,,,,,,,,,,,,,,,,,,,,,,,,,,,,,19.8%,65.5%,14.7%,,,,,,,,,,,,,,,,,,,,,,,,,,,,,,,,,,,,,,,,,,,,,,,,,,,,
Diabetes,8,Blood Checked for Sugar,52.5%,47.5%,,,,,,,,,,,,,,,,,,,,,,,,,,,,,,,,,,,,,,,,,,,,,,,,,,,,,,,,,,,,,,,,,,,,,,,,,,,,,,,,,,,,
Diabetes,8,Doctor Checked Feet,60.0%,40.0%,,,,,,,,,,,,,,,,,,,,,,,,,,,,,,,,,,,,,,,,,,,,,,,,,,,,,,,,,,,,,,,,,,,,,,,,,,,,,,,,,,,,
Diabetes,8,Doctor Seen for Diabetes,85.9%,14.1%,,,,,,,,,,,,,,,,,,,,,,,,,,,,,,,,,,,,,,,,,,,,,,,,,,,,,,,,,,,,,,,,,,,,,,,,,,,,,,,,,,,,
Diabetes,8,Ever Attended Diabetes Education,42.2%,57.8%,,,,,,,,,,,,,,,,,,,,,,,,,,,,,,,,,,,,,,,,,,,,,,,,,,,,,,,,,,,,,,,,,,,,,,,,,,,,,,,,,,,,
Diabetes,8,Ever Told Diabetes Affected Eyes,23.8%,76.2%,,,,,,,,,,,,,,,,,,,,,,,,,,,,,,,,,,,,,,,,,,,,,,,,,,,,,,,,,,,,,,,,,,,,,,,,,,,,,,,,,,,,
Diabetes,8,Feet Checked for Sores,50.0%,50.0%,,,,,,,,,,,,,,,,,,,,,,,,,,,,,,,,,,,,,,,,,,,,,,,,,,,,,,,,,,,,,,,,,,,,,,,,,,,,,,,,,,,,
Insulin,8,Taking Insulin,25.6%,74.4%,,,,,,,,,,,,,,,,,,,,,,,,,,,,,,,,,,,,,,,,,,,,,,,,,,,,,,,,,,,,,,,,,,,,,,,,,,,,,,,,,,,,
Diabetes Eye Exam,8,Time Since Last Eye Exam,,,,,,,,,,,,,,,,9.3%,,,,,,,,9.3%,,,,,,,,,,,17.6%,51.3%,12.5%,,,,,,,,,,,,,,,,,,,,,,,,,,,,,,,,,,,,,,,,,,,,,,,,,
Blind,8,Blind or Have Serious Difficulty Seeing,4.7%,95.3%,,,,,,,,,,,,,,,,,,,,,,,,,,,,,,,,,,,,,,,,,,,,,,,,,,,,,,,,,,,,,,,,,,,,,,,,,,,,,,,,,,,,
Disability Status,8,Disability Status,22.0%,78.0%,,,,,,,,,,,,,,,,,,,,,,,,,,,,,,,,,,,,,,,,,,,,,,,,,,,,,,,,,,,,,,,,,,,,,,,,,,,,,,,,,,,,
Difficulty Doing Errands Alo,8,Have Difficulty Doing Errands Alone,6.6%,93.4%,,,,,,,,,,,,,,,,,,,,,,,,,,,,,,,,,,,,,,,,,,,,,,,,,,,,,,,,,,,,,,,,,,,,,,,,,,,,,,,,,,,,
Difficulty Concentrating,8,"Have Serious Difficulty Concentrating, Remembering, or Making Decisions",10.3%,89.7%,,,,,,,,,,,,,,,,,,,,,,,,,,,,,,,,,,,,,,,,,,,,,,,,,,,,,,,,,,,,,,,,,,,,,,,,,,,,,,,,,,,,
Difficulty Dressing,8,Have Serious Difficulty Dressing or Bathing,4.2%,95.8%,,,,,,,,,,,,,,,,,,,,,,,,,,,,,,,,,,,,,,,,,,,,,,,,,,,,,,,,,,,,,,,,,,,,,,,,,,,,,,,,,,,,
Difficulty Walking,8,Have Serious Difficulty Walking or Climbing Stairs,15.1%,84.9%,,,,,,,,,,,,,,,,,,,,,,,,,,,,,,,,,,,,,,,,,,,,,,,,,,,,,,,,,,,,,,,,,,,,,,,,,,,,,,,,,,,,
Any Drinking Past Month,8,Drinking and Driving in the Past Month,3.6%,96.4%,,,,,,,,,,,,,,,,,,,,,,,,,,,,,,,,,,,,,,,,,,,,,,,,,,,,,,,,,,,,,,,,,,,,,,,,,,,,,,,,,,,,
Leisure Time PA,8,Leisure Time Physical Activity,71.7%,28.3%,,,,,,,,,,,,,,,,,,,,,,,,,,,,,,,,,,,,,,,,,,,,,,,,,,,,,,,,,,,,,,,,,,,,,,,,,,,,,,,,,,,,
Mammogram Past 2 Yrs 40+,8,"Had A Fall in the Past Year, Age 45+",28.0%,72.0%,,,,,,,,,,,,,,,,,,,,,,,,,,,,,,,,,,,,,,,,,,,,,,,,,,,,,,,,,,,,,,,,,,,,,,,,,,,,,,,,,,,,
Health Care Provider,8,Have At Least One Personal Doctor,67.4%,32.6%,,,,,,,,,,,,,,,,,,,,,,,,,,,,,,,,,,,,,,,,,,,,,,,,,,,,,,,,,,,,,,,,,,,,,,,,,,,,,,,,,,,,
Health Care Provider,8,Have Personal Doctor,,32.6%,,,,,,,,,,,,,,,,,,,,,,,,,,,,,,,,,,,,57.5%,9.9%,,,,,,,,,,,,,,,,,,,,,,,,,,,,,,,,,,,,,,,,,,,,,,,
Health Care Coverage,8,Health Care Coverage,75.7%,24.3%,,,,,,,,,,,,,,,,,,,,,,,,,,,,,,,,,,,,,,,,,,,,,,,,,,,,,,,,,,,,,,,,,,,,,,,,,,,,,,,,,,,,
Health Care Coverage Age 18-,8,"Health Care Coverage, Age 18-64",70.8%,29.2%,,,,,,,,,,,,,,,,,,,,,,,,,,,,,,,,,,,,,,,,,,,,,,,,,,,,,,,,,,,,,,,,,,,,,,,,,,,,,,,,,,,,
Medical Cost,8,Medical Cost,18.3%,81.7%,,,,,,,,,,,,,,,,,,,,,,,,,,,,,,,,,,,,,,,,,,,,,,,,,,,,,,,,,,,,,,,,,,,,,,,,,,,,,,,,,,,,
Routine Checkup,8,Routine Checkup in the Past Year,67.5%,32.5%,,,,,,,,,,,,,,,,,,,,,,,,,,,,,,,,,,,,,,,,,,,,,,,,,,,,,,,,,,,,,,,,,,,,,,,,,,,,,,,,,,,,
Routine Checkup,8,Time Since Routine Checkup,,,,,,,,,,,,,,,,2.2%,,,,,,,,,,,8.9%,,,,,,,,,,,,,67.5%,12.9%,8.5%,,,,,,,,,,,,,,,,,,,,,,,,,,,,,,,,,,,,,,,,,,,,
General Health,8,General Health,,,,,,,,,,,,,,,,,,,,,,,,,,,,,,,,,,,,,,,,,,,4.9%,13.6%,39.5%,24.7%,17.3%,,,,,,,,,,,,,,,,,,,,,,,,,,,,,,,,,,,,,,,
Fair or Poor Health,8,General Health Fair to Poor,,,,,,,,,,,,,,,,,,,,,,,,,,,,,,,,,,,,,,,,,,,,,,,,18.4%,81.6%,,,,,,,,,,,,,,,,,,,,,,,,,,,,,,,,,,,,,
Poor Mental Health 5+ Days,8,Days of Poor Mental Health - 5+ Days,,,,,,,,,,,,,,,,,,,,,,,,,,,,,,,,,,,,,,,,,,,,,,,,,,17.2%,82.8%,,,,,,,,,,,,,,,,,,,,,,,,,,,,,,,,,,,
Poor Mental Health 14+ Days,8,Days of Poor Mental Health - 14+ Days,,,,,,,,,,,,,,,,,,,,,,,,,,,,,,,,,,,,,,,,,,,,,,,,,,,,8.7%,91.3%,,,,,,,,,,,,,,,,,,,,,,,,,,,,,,,,,
Poor Physical Health 5+ Days,8,Days of Poor Physical Health - 5+ Days,,,,,,,,,,,,,,,,,,,,,,,,,,,,,,,,,,,,,,,,,,,,,,,,,,17.0%,83.0%,,,,,,,,,,,,,,,,,,,,,,,,,,,,,,,,,,,
Poor Physical Health 14+ Day,8,Days of Poor Physical Health - 14+ Days,,,,,,,,,,,,,,,,,,,,,,,,,,,,,,,,,,,,,,,,,,,,,,,,,,,,10.8%,89.2%,,,,,,,,,,,,,,,,,,,,,,,,,,,,,,,,,
Poor Physical Health 5+ Days,8,Days Poor Health Interfered With Usual Activities - 5+ Days,,,,,,,,,,,,,,,,,,,,,,,,,,,,,,,,,,,,,,,,,,,,,,,,,,11.0%,89.0%,,,,,,,,,,,,,,,,,,,,,,,,,,,,,,,,,,,
Hlth Affected Activ 14+ Days,8,Days Poor Health Interfered With Usual Activities - 14+ Days,,,,,,,,,,,,,,,,,,,,,,,,,,,,,,,,,,,,,,,,,,,,,,,,,,,,6.5%,93.5%,,,,,,,,,,,,,,,,,,,,,,,,,,,,,,,,,
Ever Had HIV Test,8,Ever Had HIV Test,35.2%,64.8%,,,,,,,,,,,,,,,,,,,,,,,,,,,,,,,,,,,,,,,,,,,,,,,,,,,,,,,,,,,,,,,,,,,,,,,,,,,,,,,,,,,,
Kidney Disease,8,Kidney Disease,4.0%,96.0%,,,,,,,,,,,,,,,,,,,,,,,,,,,,,,,,,,,,,,,,,,,,,,,,,,,,,,,,,,,,,,,,,,,,,,,,,,,,,,,,,,,,
Mammogram,8,Doctor Ever Recommended a Mammogram,8.6%,91.4%,,,,,,,,,,,,,,,,,,,,,,,,,,,,,,,,,,,,,,,,,,,,,,,,,,,,,,,,,,,,,,,,,,,,,,,,,,,,,,,,,,,,
Mammogram,8,Miles From Work/Home to Closest Mammogram Clinic,,,,,,,,,,,,,,,,,,,,,,,,,,,,,,,,,,,,,,,,,,,,,,,,,,,,,,26.0%,26.3%,32.8%,12.3%,1.9%,0.7%,,,,,,,,,,,,,,,,,,,,,,,,,,,
Mammogram,8,Miles From Work/Home Traveled for Most Recent Mammogram,,,,,,,,,,,,,,,,,,,,,,,,,,,,,,,,,,,,,,,,,,,,,,,,,,,,,,29.0%,29.0%,15.7%,12.8%,12.6%,0.9%,,,,,,,,,,,,,,,,,,,,,,,,,,,
Mammogram,8,Most Recent Mammography Was Recommended,76.1%,23.9%,,,,,,,,,,,,,,,,,,,,,,,,,,,,,,,,,,,,,,,,,,,,,,,,,,,,,,,,,,,,,,,,,,,,,,,,,,,,,,,,,,,,
Poor Mental Health 5+ Days,8,Days Poor Mental Health Interfered With Activities - 5+ Days,,,,,,,,,,,,,,,,,,,,,,,,,,,,,,,,,,,,,,,,,,,,,,,,,,4.8%,,,,,,,,,,95.2%,,,,,,,,,,,,,,,,,,,,,,,,,,
Poor Mental Health 14+ Days,8,Days Poor Mental Health Interfered With Activities - 14+ Days,,,,,,,,,,,,,,,,,,,,,,,,,,,,,,,,,,,,,,,,,,,,,,,,,,,,2.8%,,,,,,,,,97.2%,,,,,,,,,,,,,,,,,,,,,,,,,
Insulin,8,Taking Medicine or Receiving Treatment for Mental Illness,10.7%,89.3%,,,,,,,,,,,,,,,,,,,,,,,,,,,,,,,,,,,,,,,,,,,,,,,,,,,,,,,,,,,,,,,,,,,,,,,,,,,,,,,,,,,,
Dentist Visit Past Year,8,Dentist Visit in the Past Year,62.3%,37.7%,,,,,,,,,,,,,,,,,,,,,,,,,,,,,,,,,,,,,,,,,,,,,,,,,,,,,,,,,,,,,,,,,,,,,,,,,,,,,,,,,,,,
RemoveTeeth,8,Number of Permanent Teeth Removed,,,,,,,,,,,,,,,,,,,,,,,,,,,,,,,,,,,,,,,,,,,,,,,,,,,,,,,,,,,,,,29.6%,7.0%,2.8%,60.5%,,,,,,,,,,,,,,,,,,,,,
Last Dentist Visit,8,Time Since Last Dentist Visit,,,,,,,,,,,,,,,,2.6%,,,,,,,62.3%,11.6%,,,11.5%,,,,,,,,,,,,,,,,,,,,,,,,,,,,,,,,,,,,,,,12.1%,,,,,,,,,,,,,,,,,,,,
Pre-Diabetes,8,Prediabetes,13.5%,84.8%,,,,,,,,,,,,,,,,,,,,,,,,,,,,,,,,,,,,,,,,,,,,,,,,,,,,,,,,,,,,,,,,,1.7%,,,,,,,,,,,,,,,,,,,
Diabetes Test,8,Tested for Diabetes or High Blood Sugar,54.4%,45.6%,,,,,,,,,,,,,,,,,,,,,,,,,,,,,,,,,,,,,,,,,,,,,,,,,,,,,,,,,,,,,,,,,,,,,,,,,,,,,,,,,,,,
Dr Rx Pain Talk,8,Ever Discussed Prostate-Specific Antigen Test Advantages,57.3%,42.7%,,,,,,,,,,,,,,,,,,,,,,,,,,,,,,,,,,,,,,,,,,,,,,,,,,,,,,,,,,,,,,,,,,,,,,,,,,,,,,,,,,,,
Dr Rx Pain Talk,8,Ever Discussed Prostate-Specific Antigen Test Disadvantages,28.3%,71.7%,,,,,,,,,,,,,,,,,,,,,,,,,,,,,,,,,,,,,,,,,,,,,,,,,,,,,,,,,,,,,,,,,,,,,,,,,,,,,,,,,,,,
Ever Told High BP,8,Prostate-Specific Antigen Test Ever Recommended,49.4%,50.6%,,,,,,,,,,,,,,,,,,,,,,,,,,,,,,,,,,,,,,,,,,,,,,,,,,,,,,,,,,,,,,,,,,,,,,,,,,,,,,,,,,,,
Mammogram Past 2 Yrs 40+,8,"Prostate-Specific Antigen Test in the Past 2 Years, Age 40+",57.3%,42.7%,,,,,,,,,,,,,,,,,,,,,,,,,,,,,,,,,,,,,,,,,,,,,,,,,,,,,,,,,,,,,,,,,,,,,,,,,,,,,,,,,,,,
DurationHomeBloodStoolTest,8,Time Since Last Prostate-Specific Antigen Test,,,,,,,,,,,,,,,,,,,,,,,64.8%,14.9%,7.5%,6.8%,6.0%,,,,,,,,,,,,,,,,,,,,,,,,,,,,,,,,,,,,,,,,,,,,,,,,,,,,,,,,,,,
Frequency of Smoking,8,Frequency of Seatbelt Use,,,,,,,,,,,,,,,,2.1%,,,,,,,,,,,,,,,,,,,,,,,,,,,,,,,,,,,,,,,,,,,,,,,,,,,,90.5%,4.9%,2.0%,0.4%,0.1%,,,,,,,,,,,,,,
Difficulty Doing Errands Alo,8,Activity on the Internet: Shopping,27.3%,72.7%,,,,,,,,,,,,,,,,,,,,,,,,,,,,,,,,,,,,,,,,,,,,,,,,,,,,,,,,,,,,,,,,,,,,,,,,,,,,,,,,,,,,
Current Smoker,8,Current Smoker,14.6%,85.4%,,,,,,,,,,,,,,,,,,,,,,,,,,,,,,,,,,,,,,,,,,,,,,,,,,,,,,,,,,,,,,,,,,,,,,,,,,,,,,,,,,,,
Ever Smoked,8,Ever Smoked,37.3%,62.7%,,,,,,,,,,,,,,,,,,,,,,,,,,,,,,,,,,,,,,,,,,,,,,,,,,,,,,,,,,,,,,,,,,,,,,,,,,,,,,,,,,,,
Frequency of Smoking,8,Frequency of Smoking,,,,,,,,,,,,,,,,,,,,,,,,,,,,,,,,,,,,,,,,,,,,,,,,,,,,,,,,,,,,,,,,,,,,,,,,,19.9%,19.3%,60.8%,,,,,,,,,,,
Quit Smoking in Past Yr,8,Quit Smoking in the Past Year,65.0%,35.0%,,,,,,,,,,,,,,,,,,,,,,,,,,,,,,,,,,,,,,,,,,,,,,,,,,,,,,,,,,,,,,,,,,,,,,,,,,,,,,,,,,,,
Smokeless Tobacco Use,8,Smokeless Tobacco Use,,,,,,,,,,,,,,,,,,,,,,,,,,,,,,,,,,,,,,,,,,,,,,,,,,,,,,,,,,,,,,,,,,,,,,,,,2.0%,2.1%,95.9%,,,,,,,,,,,
Smoker Status,8,Smoker Status,,,,,,,,,,,,,,,,,,,,,,,,,,,,,,,,,,,,,,,,,,,,,,,,,,,,,,,,,,,,,,,,,,,,,,,,,,,,7.4%,7.2%,22.7%,62.7%,,,,,,,
Last Smoked,8,Time Since Quit Smoking,,,,,,,,,,,,,,,,,,,,,,,,,,,,,10.8%,,,,,,,,,,,,,,,,,,,,,,,,,,,,,,,,,,,,,,,,,,,,,,,,,,,3.5%,2.4%,4.7%,4.6%,22.8%,50.8%,0.4%
Served on Active Duty,8,Served On Active Duty in the United States Armed Forces,13.4%,86.6%,,,,,,,,,,,,,,,,,,,,,,,,,,,,,,,,,,,,,,,,,,,,,,,,,,,,,,,,,,,,,,,,,,,,,,,,,,,,,,,,,,,,
"Pneumonia Shot, 18+",11,Ever Had Pneumonia Shot,31.1%,68.9%,,,,,,,,,,,,,,,,,,,,,,,,,,,,,,,,,,,,,,,,,,,,,,,,,,,,,,,,,,,,,,,,,,,,,,,,,,,,,,,,,,,,
"Pneumonia Shot, 65+",11,"Ever Had Pneumonia Shot, Age 65+",67.3%,32.7%,,,,,,,,,,,,,,,,,,,,,,,,,,,,,,,,,,,,,,,,,,,,,,,,,,,,,,,,,,,,,,,,,,,,,,,,,,,,,,,,,,,,
Flu Shot in Past Year,11,Flu Shot in the Past Year,31.6%,68.4%,,,,,,,,,,,,,,,,,,,,,,,,,,,,,,,,,,,,,,,,,,,,,,,,,,,,,,,,,,,,,,,,,,,,,,,,,,,,,,,,,,,,
"Flu Shot, 18-64",11,"Flu Shot in the Past Year, Age 18-64",24.8%,75.2%,,,,,,,,,,,,,,,,,,,,,,,,,,,,,,,,,,,,,,,,,,,,,,,,,,,,,,,,,,,,,,,,,,,,,,,,,,,,,,,,,,,,
"Flu Shot, 65+",11,"Flu Shot in the Past Year, Age 65+",62.2%,37.8%,,,,,,,,,,,,,,,,,,,,,,,,,,,,,,,,,,,,,,,,,,,,,,,,,,,,,,,,,,,,,,,,,,,,,,,,,,,,,,,,,,,,
Flu Vaccine Location,11,Location of Flu Shot,,,33.8%,0.5%,4.6%,0.4%,0.1%,32.5%,0.0%,13.7%,0.2%,12.2%,1.9%,,,,,,,,,,,,,,,,,,,,,,,,,,,,,,,,,,,,,,,,,,,,,,,,,,,,,,,,,,,,,,,,,,,,,,,,,
Any Drinking Past Month,11,Any Drinking in the Past Month,38.6%,61.4%,,,,,,,,,,,,,,,,,,,,,,,,,,,,,,,,,,,,,,,,,,,,,,,,,,,,,,,,,,,,,,,,,,,,,,,,,,,,,,,,,,,,
Binge Drinking,11,Binge Drinking in the Past Month,15.4%,84.6%,,,,,,,,,,,,,,,,,,,,,,,,,,,,,,,,,,,,,,,,,,,,,,,,,,,,,,,,,,,,,,,,,,,,,,,,,,,,,,,,,,,,
Heavy Drinking - Females,11,"Binge Drinking or Heavy Alcohol Consumption, Females Age 18-44",12.6%,87.4%,,,,,,,,,,,,,,,,,,,,,,,,,,,,,,,,,,,,,,,,,,,,,,,,,,,,,,,,,,,,,,,,,,,,,,,,,,,,,,,,,,,,
Heavy Drinking,11,Heavy Alcohol Consumption,5.1%,94.9%,,,,,,,,,,,,,,,,,,,,,,,,,,,,,,,,,,,,,,,,,,,,,,,,,,,,,,,,,,,,,,,,,,,,,,,,,,,,,,,,,,,,
Heavy Drinking,11,"Heavy Alcohol Consumption, Females",3.1%,96.9%,,,,,,,,,,,,,,,,,,,,,,,,,,,,,,,,,,,,,,,,,,,,,,,,,,,,,,,,,,,,,,,,,,,,,,,,,,,,,,,,,,,,
Heavy Drinking,11,"Heavy Alcohol Consumption, Males",7.6%,92.4%,,,,,,,,,,,,,,,,,,,,,,,,,,,,,,,,,,,,,,,,,,,,,,,,,,,,,,,,,,,,,,,,,,,,,,,,,,,,,,,,,,,,
Routine Checkup,11,Advised To Reduce or Quit Drinking,18.7%,81.3%,,,,,,,,,,,,,,,,,,,,,,,,,,,,,,,,,,,,,,,,,,,,,,,,,,,,,,,,,,,,,,,,,,,,,,,,,,,,,,,,,,,,
Binge Drinking,11,Asked About Binge Drinking,33.4%,66.6%,,,,,,,,,,,,,,,,,,,,,,,,,,,,,,,,,,,,,,,,,,,,,,,,,,,,,,,,,,,,,,,,,,,,,,,,,,,,,,,,,,,,
Health Care Provider,11,Asked in Person or On A Form About Amount of Drinking,58.5%,41.5%,,,,,,,,,,,,,,,,,,,,,,,,,,,,,,,,,,,,,,,,,,,,,,,,,,,,,,,,,,,,,,,,,,,,,,,,,,,,,,,,,,,,
Binge Drinking,11,Asked in Person or On A Form If Drinking Alcohol,70.8%,29.2%,,,,,,,,,,,,,,,,,,,,,,,,,,,,,,,,,,,,,,,,,,,,,,,,,,,,,,,,,,,,,,,,,,,,,,,,,,,,,,,,,,,,
Arthritis,11,Arthritis,20.0%,80.0%,,,,,,,,,,,,,,,,,,,,,,,,,,,,,,,,,,,,,,,,,,,,,,,,,,,,,,,,,,,,,,,,,,,,,,,,,,,,,,,,,,,,
Asthma Status,11,Asthma Status,,,,,,,,,,,,,,5.8%,3.5%,90.7%,,,,,,,,,,,,,,,,,,,,,,,,,,,,,,,,,,,,,,,,,,,,,,,,,,,,,,,,,,,,,,,,,,,,,,
Current Asthma,11,Current Asthma,62.4%,37.6%,,,,,,,,,,,,,,,,,,,,,,,,,,,,,,,,,,,,,,,,,,,,,,,,,,,,,,,,,,,,,,,,,,,,,,,,,,,,,,,,,,,,
Current Asthma,11,Current Asthma Status,5.8%,94.2%,,,,,,,,,,,,,,,,,,,,,,,,,,,,,,,,,,,,,,,,,,,,,,,,,,,,,,,,,,,,,,,,,,,,,,,,,,,,,,,,,,,,
Lifetime Asthma,11,Lifetime Asthma,9.5%,90.5%,,,,,,,,,,,,,,,,,,,,,,,,,,,,,,,,,,,,,,,,,,,,,,,,,,,,,,,,,,,,,,,,,,,,,,,,,,,,,,,,,,,,
BMI 3 Categories,11,Body Mass Index (BMI) 3 Categories,,,,,,,,,,,,,,,,,41.7%,33.0%,25.3%,,,,,,,,,,,,,,,,,,,,,,,,,,,,,,,,,,,,,,,,,,,,,,,,,,,,,,,,,,,,,,,,,,,
BMI 4 Categories,11,Body Mass Index (BMI) 4 Categories,,,,,,,,,,,,,,,,,41.7%,33.0%,,24.3%,1.0%,,,,,,,,,,,,,,,,,,,,,,,,,,,,,,,,,,,,,,,,,,,,,,,,,,,,,,,,,,,,,,,,,
BMI 5 Categories,11,Body Mass Index (BMI) 5 Categories,,,,,,,,,,,,,,,,,33.3%,33.0%,,24.3%,1.0%,8.4%,,,,,,,,,,,,,,,,,,,,,,,,,,,,,,,,,,,,,,,,,,,,,,,,,,,,,,,,,,,,,,,,
Obese,11,Obese,41.7%,58.3%,,,,,,,,,,,,,,,,,,,,,,,,,,,,,,,,,,,,,,,,,,,,,,,,,,,,,,,,,,,,,,,,,,,,,,,,,,,,,,,,,,,,
Overweight or Obese,11,Overweight or Obese,74.7%,25.3%,,,,,,,,,,,,,,,,,,,,,,,,,,,,,,,,,,,,,,,,,,,,,,,,,,,,,,,,,,,,,,,,,,,,,,,,,,,,,,,,,,,,
Mammogram Past 2 Yrs 40+,11,"Clinical Breast Exam in the Past Year, Age 40+",51.3%,48.7%,,,,,,,,,,,,,,,,,,,,,,,,,,,,,,,,,,,,,,,,,,,,,,,,,,,,,,,,,,,,,,,,,,,,,,,,,,,,,,,,,,,,
Mammogram,11,Ever Had a Mammogram,60.4%,39.6%,,,,,,,,,,,,,,,,,,,,,,,,,,,,,,,,,,,,,,,,,,,,,,,,,,,,,,,,,,,,,,,,,,,,,,,,,,,,,,,,,,,,
Mammogram,11,Ever Had Clinical Breast Exam,74.9%,25.1%,,,,,,,,,,,,,,,,,,,,,,,,,,,,,,,,,,,,,,,,,,,,,,,,,,,,,,,,,,,,,,,,,,,,,,,,,,,,,,,,,,,,
Hysterectomy,11,Had Hysterectomy,23.4%,76.6%,,,,,,,,,,,,,,,,,,,,,,,,,,,,,,,,,,,,,,,,,,,,,,,,,,,,,,,,,,,,,,,,,,,,,,,,,,,,,,,,,,,,
Mammogram Past 2 Yrs 40+,11,"Mammogram in the Past 2 Years, Age 40+",35.2%,64.8%,,,,,,,,,,,,,,,,,,,,,,,,,,,,,,,,,,,,,,,,,,,,,,,,,,,,,,,,,,,,,,,,,,,,,,,,,,,,,,,,,,,,
Mammogram Past 2 Yrs 50-74,11,"Mammogram in the Past 2 Years, Age 50-74",31.3%,68.7%,,,,,,,,,,,,,,,,,,,,,,,,,,,,,,,,,,,,,,,,,,,,,,,,,,,,,,,,,,,,,,,,,,,,,,,,,,,,,,,,,,,,
Mammogram Past 2 Yrs 50+,11,"Mammogram in the Past 2 Years, Age 50+",30.9%,69.1%,,,,,,,,,,,,,,,,,,,,,,,,,,,,,,,,,,,,,,,,,,,,,,,,,,,,,,,,,,,,,,,,,,,,,,,,,,,,,,,,,,,,
Pap Test Past 3 Yrs 21-65,11,Pap Smear Test in the Past 3 Years,30.4%,69.6%,,,,,,,,,,,,,,,,,,,,,,,,,,,,,,,,,,,,,,,,,,,,,,,,,,,,,,,,,,,,,,,,,,,,,,,,,,,,,,,,,,,,
Pap Test Past 3 Yrs 21-65,11,"Pap Smear Test in the Past 3 Years, Age 21-65",25.2%,74.8%,,,,,,,,,,,,,,,,,,,,,,,,,,,,,,,,,,,,,,,,,,,,,,,,,,,,,,,,,,,,,,,,,,,,,,,,,,,,,,,,,,,,
DurationClnscpySgmy,11,Time Since Last Clinical Breast Exam,,,,,,,,,,,,,,,,,,,,,,,57.7%,18.5%,7.8%,6.9%,9.0%,,,,,,,,,,,,,,,,,,,,,,,,,,,,,,,,,,,,,,,,,,,,,,,,,,,,,,,,,,,
Mammogram,11,Time Since Last Mammogram,,,,,,,,,,,,,,,,,,,,,,,53.8%,17.9%,8.8%,6.9%,12.6%,,,,,,,,,,,,,,,,,,,,,,,,,,,,,,,,,,,,,,,,,,,,,,,,,,,,,,,,,,,
DurationHomeBloodStoolTest,11,Time Since Last Pap Smear Test,,,,,,,,,,,,,,,,,,,,,,,50.9%,16.8%,12.3%,6.9%,13.1%,,,,,,,,,,,,,,,,,,,,,,,,,,,,,,,,,,,,,,,,,,,,,,,,,,,,,,,,,,,
Any Cancer,11,Any Cancer,7.8%,92.2%,,,,,,,,,,,,,,,,,,,,,,,,,,,,,,,,,,,,,,,,,,,,,,,,,,,,,,,,,,,,,,,,,,,,,,,,,,,,,,,,,,,,
Other Cancer,11,Other Cancer,5.8%,94.2%,,,,,,,,,,,,,,,,,,,,,,,,,,,,,,,,,,,,,,,,,,,,,,,,,,,,,,,,,,,,,,,,,,,,,,,,,,,,,,,,,,,,
Skin Cancer,11,Skin Cancer,2.9%,97.1%,,,,,,,,,,,,,,,,,,,,,,,,,,,,,,,,,,,,,,,,,,,,,,,,,,,,,,,,,,,,,,,,,,,,,,,,,,,,,,,,,,,,
CVD,11,Cardiovascular Disease,8.0%,92.0%,,,,,,,,,,,,,,,,,,,,,,,,,,,,,,,,,,,,,,,,,,,,,,,,,,,,,,,,,,,,,,,,,,,,,,,,,,,,,,,,,,,,
Coronary Heart Disease,11,Coronary Heart Disease,4.7%,95.3%,,,,,,,,,,,,,,,,,,,,,,,,,,,,,,,,,,,,,,,,,,,,,,,,,,,,,,,,,,,,,,,,,,,,,,,,,,,,,,,,,,,,
CVD,11,Heart Attack,3.8%,96.2%,,,,,,,,,,,,,,,,,,,,,,,,,,,,,,,,,,,,,,,,,,,,,,,,,,,,,,,,,,,,,,,,,,,,,,,,,,,,,,,,,,,,
CVD,11,Heart Disease,6.4%,93.6%,,,,,,,,,,,,,,,,,,,,,,,,,,,,,,,,,,,,,,,,,,,,,,,,,,,,,,,,,,,,,,,,,,,,,,,,,,,,,,,,,,,,
CVD,11,Stroke,2.4%,97.6%,,,,,,,,,,,,,,,,,,,,,,,,,,,,,,,,,,,,,,,,,,,,,,,,,,,,,,,,,,,,,,,,,,,,,,,,,,,,,,,,,,,,
COPD,11,Chronic Obstructive Pulmonary Disease (COPD),4.3%,95.7%,,,,,,,,,,,,,,,,,,,,,,,,,,,,,,,,,,,,,,,,,,,,,,,,,,,,,,,,,,,,,,,,,,,,,,,,,,,,,,,,,,,,
FOBT Past Yr,11,"Blood Stool Test in the Past 2 Years, Age 50+",84.5%,15.5%,,,,,,,,,,,,,,,,,,,,,,,,,,,,,,,,,,,,,,,,,,,,,,,,,,,,,,,,,,,,,,,,,,,,,,,,,,,,,,,,,,,,
FOBT Past Yr,11,"Blood Stool Test in the Past 3 Years, Age 50-75",83.0%,17.0%,,,,,,,,,,,,,,,,,,,,,,,,,,,,,,,,,,,,,,,,,,,,,,,,,,,,,,,,,,,,,,,,,,,,,,,,,,,,,,,,,,,,
FOBT Past Yr,11,"Blood Stool Test in the Past Year, Age 50-75",88.8%,11.2%,,,,,,,,,,,,,,,,,,,,,,,,,,,,,,,,,,,,,,,,,,,,,,,,,,,,,,,,,,,,,,,,,,,,,,,,,,,,,,,,,,,,
Col Past 10 Yrs 50-75,11,"Colonoscopy in the Past 10 Years, Age 50-75",51.7%,48.3%,,,,,,,,,,,,,,,,,,,,,,,,,,,,,,,,,,,,,,,,,,,,,,,,,,,,,,,,,,,,,,,,,,,,,,,,,,,,,,,,,,,,
Ever Had Blood Stool Test,11,Ever Had Blood Stool Test,26.8%,73.2%,,,,,,,,,,,,,,,,,,,,,,,,,,,,,,,,,,,,,,,,,,,,,,,,,,,,,,,,,,,,,,,,,,,,,,,,,,,,,,,,,,,,
Sigm Past 5 Yrs Age 50-75,11,"Sigmoidoscopy in the Past 5 Years and Blood Stool Test in the Past 3 Years, Age 50-75",100.0%,0.0%,,,,,,,,,,,,,,,,,,,,,,,,,,,,,,,,,,,,,,,,,,,,,,,,,,,,,,,,,,,,,,,,,,,,,,,,,,,,,,,,,,,,
Sigm Past 5 Yrs Age 50-75,11,"Sigmoidoscopy in the Past 5 Years, Age 50-75",99.0%,1.0%,,,,,,,,,,,,,,,,,,,,,,,,,,,,,,,,,,,,,,,,,,,,,,,,,,,,,,,,,,,,,,,,,,,,,,,,,,,,,,,,,,,,
DurationHomeBloodStoolTest,11,Time Since Blood Stool Test,,,,,,,,,,,,,,,,,,,,,,,40.5%,17.1%,7.7%,10.6%,24.1%,,,,,,,,,,,,,,,,,,,,,,,,,,,,,,,,,,,,,,,,,,,,,,,,,,,,,,,,,,,
DurationClnscpySgmy,11,Time Since Last Sigmoidoscopy or Colonoscopy,,,,,,,,,,,,,,,,,,,,,,,23.7%,24.6%,16.7%,17.5%,,3.7%,13.9%,,,,,,,,,,,,,,,,,,,,,,,,,,,,,,,,,,,,,,,,,,,,,,,,,,,,,,,,,
Up-To-Date CRC Scrn Age 50-7,11,"Up-To-Date On Colorectal Cancer Screening, Age 50-75",46.9%,53.1%,,,,,,,,,,,,,,,,,,,,,,,,,,,,,,,,,,,,,,,,,,,,,,,,,,,,,,,,,,,,,,,,,,,,,,,,,,,,,,,,,,,,
Depressive Disorder,11,Depressive Disorders,14.0%,86.0%,,,,,,,,,,,,,,,,,,,,,,,,,,,,,,,,,,,,,,,,,,,,,,,,,,,,,,,,,,,,,,,,,,,,,,,,,,,,,,,,,,,,
Diabetes Status,11,Diabetes,16.5%,81.1%,,,,,,,,,,,,,,,,,,,,,,,,,,,,1.3%,1.0%,,,,,,,,,,,,,,,,,,,,,,,,,,,,,,,,,,,,,,,,,,,,,,,,,,,,,,,
Diabetes Status,11,Diabetes Status,16.5%,83.5%,,,,,,,,,,,,,,,,,,,,,,,,,,,,,,,,,,,,,,,,,,,,,,,,,,,,,,,,,,,,,,,,,,,,,,,,,,,,,,,,,,,,
A One C,11,A1C Test the Past Year,76.4%,23.6%,,,,,,,,,,,,,,,,,,,,,,,,,,,,,,,,,,,,,,,,,,,,,,,,,,,,,,,,,,,,,,,,,,,,,,,,,,,,,,,,,,,,
Diabetes,11,Age When Diagnosed With Diabetes,,,,,,,,,,,,,,,,,,,,,,,,,,,,,,,,32.6%,52.1%,15.3%,,,,,,,,,,,,,,,,,,,,,,,,,,,,,,,,,,,,,,,,,,,,,,,,,,,,
Diabetes,11,Blood Checked for Sugar,55.9%,44.1%,,,,,,,,,,,,,,,,,,,,,,,,,,,,,,,,,,,,,,,,,,,,,,,,,,,,,,,,,,,,,,,,,,,,,,,,,,,,,,,,,,,,
Diabetes,11,Doctor Checked Feet,58.3%,41.7%,,,,,,,,,,,,,,,,,,,,,,,,,,,,,,,,,,,,,,,,,,,,,,,,,,,,,,,,,,,,,,,,,,,,,,,,,,,,,,,,,,,,
Diabetes,11,Doctor Seen for Diabetes,81.5%,18.5%,,,,,,,,,,,,,,,,,,,,,,,,,,,,,,,,,,,,,,,,,,,,,,,,,,,,,,,,,,,,,,,,,,,,,,,,,,,,,,,,,,,,
Diabetes,11,Ever Attended Diabetes Education,46.1%,53.9%,,,,,,,,,,,,,,,,,,,,,,,,,,,,,,,,,,,,,,,,,,,,,,,,,,,,,,,,,,,,,,,,,,,,,,,,,,,,,,,,,,,,
Diabetes,11,Ever Told Diabetes Affected Eyes,17.8%,82.2%,,,,,,,,,,,,,,,,,,,,,,,,,,,,,,,,,,,,,,,,,,,,,,,,,,,,,,,,,,,,,,,,,,,,,,,,,,,,,,,,,,,,
Diabetes,11,Feet Checked for Sores,49.7%,50.3%,,,,,,,,,,,,,,,,,,,,,,,,,,,,,,,,,,,,,,,,,,,,,,,,,,,,,,,,,,,,,,,,,,,,,,,,,,,,,,,,,,,,
Insulin,11,Taking Insulin,41.3%,58.7%,,,,,,,,,,,,,,,,,,,,,,,,,,,,,,,,,,,,,,,,,,,,,,,,,,,,,,,,,,,,,,,,,,,,,,,,,,,,,,,,,,,,
Diabetes Eye Exam,11,Time Since Last Eye Exam,,,,,,,,,,,,,,,,8.7%,,,,,,,,16.0%,,,,,,,,,,,25.5%,34.1%,15.7%,,,,,,,,,,,,,,,,,,,,,,,,,,,,,,,,,,,,,,,,,,,,,,,,,
Blind,11,Blind or Have Serious Difficulty Seeing,5.9%,94.1%,,,,,,,,,,,,,,,,,,,,,,,,,,,,,,,,,,,,,,,,,,,,,,,,,,,,,,,,,,,,,,,,,,,,,,,,,,,,,,,,,,,,
Disability Status,11,Disability Status,28.6%,71.4%,,,,,,,,,,,,,,,,,,,,,,,,,,,,,,,,,,,,,,,,,,,,,,,,,,,,,,,,,,,,,,,,,,,,,,,,,,,,,,,,,,,,
Difficulty Doing Errands Alo,11,Have Difficulty Doing Errands Alone,9.3%,90.7%,,,,,,,,,,,,,,,,,,,,,,,,,,,,,,,,,,,,,,,,,,,,,,,,,,,,,,,,,,,,,,,,,,,,,,,,,,,,,,,,,,,,
Difficulty Concentrating,11,"Have Serious Difficulty Concentrating, Remembering, or Making Decisions",12.5%,87.5%,,,,,,,,,,,,,,,,,,,,,,,,,,,,,,,,,,,,,,,,,,,,,,,,,,,,,,,,,,,,,,,,,,,,,,,,,,,,,,,,,,,,
Difficulty Dressing,11,Have Serious Difficulty Dressing or Bathing,7.4%,92.6%,,,,,,,,,,,,,,,,,,,,,,,,,,,,,,,,,,,,,,,,,,,,,,,,,,,,,,,,,,,,,,,,,,,,,,,,,,,,,,,,,,,,
Difficulty Walking,11,Have Serious Difficulty Walking or Climbing Stairs,19.7%,80.3%,,,,,,,,,,,,,,,,,,,,,,,,,,,,,,,,,,,,,,,,,,,,,,,,,,,,,,,,,,,,,,,,,,,,,,,,,,,,,,,,,,,,
Any Drinking Past Month,11,Drinking and Driving in the Past Month,5.2%,94.8%,,,,,,,,,,,,,,,,,,,,,,,,,,,,,,,,,,,,,,,,,,,,,,,,,,,,,,,,,,,,,,,,,,,,,,,,,,,,,,,,,,,,
Leisure Time PA,11,Leisure Time Physical Activity,67.6%,32.4%,,,,,,,,,,,,,,,,,,,,,,,,,,,,,,,,,,,,,,,,,,,,,,,,,,,,,,,,,,,,,,,,,,,,,,,,,,,,,,,,,,,,
Mammogram Past 2 Yrs 40+,11,"Had A Fall in the Past Year, Age 45+",29.9%,70.1%,,,,,,,,,,,,,,,,,,,,,,,,,,,,,,,,,,,,,,,,,,,,,,,,,,,,,,,,,,,,,,,,,,,,,,,,,,,,,,,,,,,,
Health Care Provider,11,Have At Least One Personal Doctor,65.0%,35.0%,,,,,,,,,,,,,,,,,,,,,,,,,,,,,,,,,,,,,,,,,,,,,,,,,,,,,,,,,,,,,,,,,,,,,,,,,,,,,,,,,,,,
Health Care Provider,11,Have Personal Doctor,,35.0%,,,,,,,,,,,,,,,,,,,,,,,,,,,,,,,,,,,,57.7%,7.3%,,,,,,,,,,,,,,,,,,,,,,,,,,,,,,,,,,,,,,,,,,,,,,,
Health Care Coverage,11,Health Care Coverage,63.8%,36.2%,,,,,,,,,,,,,,,,,,,,,,,,,,,,,,,,,,,,,,,,,,,,,,,,,,,,,,,,,,,,,,,,,,,,,,,,,,,,,,,,,,,,
Health Care Coverage Age 18-,11,"Health Care Coverage, Age 18-64",57.5%,42.5%,,,,,,,,,,,,,,,,,,,,,,,,,,,,,,,,,,,,,,,,,,,,,,,,,,,,,,,,,,,,,,,,,,,,,,,,,,,,,,,,,,,,
Medical Cost,11,Medical Cost,25.3%,74.7%,,,,,,,,,,,,,,,,,,,,,,,,,,,,,,,,,,,,,,,,,,,,,,,,,,,,,,,,,,,,,,,,,,,,,,,,,,,,,,,,,,,,
Routine Checkup,11,Routine Checkup in the Past Year,65.4%,34.6%,,,,,,,,,,,,,,,,,,,,,,,,,,,,,,,,,,,,,,,,,,,,,,,,,,,,,,,,,,,,,,,,,,,,,,,,,,,,,,,,,,,,
Routine Checkup,11,Time Since Routine Checkup,,,,,,,,,,,,,,,,2.2%,,,,,,,,,,,10.4%,,,,,,,,,,,,,65.4%,12.7%,9.3%,,,,,,,,,,,,,,,,,,,,,,,,,,,,,,,,,,,,,,,,,,,,
General Health,11,General Health,,,,,,,,,,,,,,,,,,,,,,,,,,,,,,,,,,,,,,,,,,,8.4%,19.3%,36.2%,20.9%,15.2%,,,,,,,,,,,,,,,,,,,,,,,,,,,,,,,,,,,,,,,
Fair or Poor Health,11,General Health Fair to Poor,,,,,,,,,,,,,,,,,,,,,,,,,,,,,,,,,,,,,,,,,,,,,,,,27.7%,72.3%,,,,,,,,,,,,,,,,,,,,,,,,,,,,,,,,,,,,,
Poor Mental Health 5+ Days,11,Days of Poor Mental Health - 5+ Days,,,,,,,,,,,,,,,,,,,,,,,,,,,,,,,,,,,,,,,,,,,,,,,,,,18.5%,81.5%,,,,,,,,,,,,,,,,,,,,,,,,,,,,,,,,,,,
Poor Mental Health 14+ Days,11,Days of Poor Mental Health - 14+ Days,,,,,,,,,,,,,,,,,,,,,,,,,,,,,,,,,,,,,,,,,,,,,,,,,,,,11.3%,88.7%,,,,,,,,,,,,,,,,,,,,,,,,,,,,,,,,,
Poor Physical Health 5+ Days,11,Days of Poor Physical Health - 5+ Days,,,,,,,,,,,,,,,,,,,,,,,,,,,,,,,,,,,,,,,,,,,,,,,,,,22.7%,77.3%,,,,,,,,,,,,,,,,,,,,,,,,,,,,,,,,,,,
Poor Physical Health 14+ Day,11,Days of Poor Physical Health - 14+ Days,,,,,,,,,,,,,,,,,,,,,,,,,,,,,,,,,,,,,,,,,,,,,,,,,,,,16.1%,83.9%,,,,,,,,,,,,,,,,,,,,,,,,,,,,,,,,,
Poor Physical Health 5+ Days,11,Days Poor Health Interfered With Usual Activities - 5+ Days,,,,,,,,,,,,,,,,,,,,,,,,,,,,,,,,,,,,,,,,,,,,,,,,,,16.8%,83.2%,,,,,,,,,,,,,,,,,,,,,,,,,,,,,,,,,,,
Hlth Affected Activ 14+ Days,11,Days Poor Health Interfered With Usual Activities - 14+ Days,,,,,,,,,,,,,,,,,,,,,,,,,,,,,,,,,,,,,,,,,,,,,,,,,,,,12.1%,87.9%,,,,,,,,,,,,,,,,,,,,,,,,,,,,,,,,,
Ever Had HIV Test,11,Ever Had HIV Test,31.6%,68.4%,,,,,,,,,,,,,,,,,,,,,,,,,,,,,,,,,,,,,,,,,,,,,,,,,,,,,,,,,,,,,,,,,,,,,,,,,,,,,,,,,,,,
Kidney Disease,11,Kidney Disease,3.5%,96.5%,,,,,,,,,,,,,,,,,,,,,,,,,,,,,,,,,,,,,,,,,,,,,,,,,,,,,,,,,,,,,,,,,,,,,,,,,,,,,,,,,,,,
Mammogram,11,Doctor Ever Recommended a Mammogram,14.1%,85.9%,,,,,,,,,,,,,,,,,,,,,,,,,,,,,,,,,,,,,,,,,,,,,,,,,,,,,,,,,,,,,,,,,,,,,,,,,,,,,,,,,,,,
Mammogram,11,Miles From Work/Home to Closest Mammogram Clinic,,,,,,,,,,,,,,,,,,,,,,,,,,,,,,,,,,,,,,,,,,,,,,,,,,,,,,--,--,--,--,--,--,,,,,,,,,,,,,,,,,,,,,,,,,,,
Mammogram,11,Miles From Work/Home Traveled for Most Recent Mammogram,,,,,,,,,,,,,,,,,,,,,,,,,,,,,,,,,,,,,,,,,,,,,,,,,,,,,,31.0%,26.8%,12.8%,13.2%,14.4%,1.8%,,,,,,,,,,,,,,,,,,,,,,,,,,,
Mammogram,11,Most Recent Mammography Was Recommended,68.9%,31.1%,,,,,,,,,,,,,,,,,,,,,,,,,,,,,,,,,,,,,,,,,,,,,,,,,,,,,,,,,,,,,,,,,,,,,,,,,,,,,,,,,,,,
Poor Mental Health 5+ Days,11,Days Poor Mental Health Interfered With Activities - 5+ Days,,,,,,,,,,,,,,,,,,,,,,,,,,,,,,,,,,,,,,,,,,,,,,,,,,5.5%,,,,,,,,,,94.5%,,,,,,,,,,,,,,,,,,,,,,,,,,
Poor Mental Health 14+ Days,11,Days Poor Mental Health Interfered With Activities - 14+ Days,,,,,,,,,,,,,,,,,,,,,,,,,,,,,,,,,,,,,,,,,,,,,,,,,,,,2.8%,,,,,,,,,97.2%,,,,,,,,,,,,,,,,,,,,,,,,,
Insulin,11,Taking Medicine or Receiving Treatment for Mental Illness,8.3%,91.7%,,,,,,,,,,,,,,,,,,,,,,,,,,,,,,,,,,,,,,,,,,,,,,,,,,,,,,,,,,,,,,,,,,,,,,,,,,,,,,,,,,,,
Dentist Visit Past Year,11,Dentist Visit in the Past Year,52.7%,47.3%,,,,,,,,,,,,,,,,,,,,,,,,,,,,,,,,,,,,,,,,,,,,,,,,,,,,,,,,,,,,,,,,,,,,,,,,,,,,,,,,,,,,
RemoveTeeth,11,Number of Permanent Teeth Removed,,,,,,,,,,,,,,,,,,,,,,,,,,,,,,,,,,,,,,,,,,,,,,,,,,,,,,,,,,,,,,30.7%,7.1%,3.6%,58.6%,,,,,,,,,,,,,,,,,,,,,
Last Dentist Visit,11,Time Since Last Dentist Visit,,,,,,,,,,,,,,,,4.1%,,,,,,,52.7%,13.4%,,,15.0%,,,,,,,,,,,,,,,,,,,,,,,,,,,,,,,,,,,,,,,14.9%,,,,,,,,,,,,,,,,,,,,
Pre-Diabetes,11,Prediabetes,5.1%,93.3%,,,,,,,,,,,,,,,,,,,,,,,,,,,,,,,,,,,,,,,,,,,,,,,,,,,,,,,,,,,,,,,,,1.5%,,,,,,,,,,,,,,,,,,,
Diabetes Test,11,Tested for Diabetes or High Blood Sugar,54.8%,45.2%,,,,,,,,,,,,,,,,,,,,,,,,,,,,,,,,,,,,,,,,,,,,,,,,,,,,,,,,,,,,,,,,,,,,,,,,,,,,,,,,,,,,
Dr Rx Pain Talk,11,Ever Discussed Prostate-Specific Antigen Test Advantages,52.5%,47.5%,,,,,,,,,,,,,,,,,,,,,,,,,,,,,,,,,,,,,,,,,,,,,,,,,,,,,,,,,,,,,,,,,,,,,,,,,,,,,,,,,,,,
Dr Rx Pain Talk,11,Ever Discussed Prostate-Specific Antigen Test Disadvantages,27.7%,72.3%,,,,,,,,,,,,,,,,,,,,,,,,,,,,,,,,,,,,,,,,,,,,,,,,,,,,,,,,,,,,,,,,,,,,,,,,,,,,,,,,,,,,
Ever Told High BP,11,Prostate-Specific Antigen Test Ever Recommended,43.7%,56.3%,,,,,,,,,,,,,,,,,,,,,,,,,,,,,,,,,,,,,,,,,,,,,,,,,,,,,,,,,,,,,,,,,,,,,,,,,,,,,,,,,,,,
Mammogram Past 2 Yrs 40+,11,"Prostate-Specific Antigen Test in the Past 2 Years, Age 40+",56.3%,43.7%,,,,,,,,,,,,,,,,,,,,,,,,,,,,,,,,,,,,,,,,,,,,,,,,,,,,,,,,,,,,,,,,,,,,,,,,,,,,,,,,,,,,
DurationHomeBloodStoolTest,11,Time Since Last Prostate-Specific Antigen Test,,,,,,,,,,,,,,,,,,,,,,,69.6%,15.0%,7.9%,2.7%,4.8%,,,,,,,,,,,,,,,,,,,,,,,,,,,,,,,,,,,,,,,,,,,,,,,,,,,,,,,,,,,
Frequency of Smoking,11,Frequency of Seatbelt Use,,,,,,,,,,,,,,,,1.2%,,,,,,,,,,,,,,,,,,,,,,,,,,,,,,,,,,,,,,,,,,,,,,,,,,,,92.2%,4.6%,1.4%,0.3%,0.2%,,,,,,,,,,,,,,
Difficulty Doing Errands Alo,11,Activity on the Internet: Shopping,24.1%,75.9%,,,,,,,,,,,,,,,,,,,,,,,,,,,,,,,,,,,,,,,,,,,,,,,,,,,,,,,,,,,,,,,,,,,,,,,,,,,,,,,,,,,,
Current Smoker,11,Current Smoker,14.5%,85.5%,,,,,,,,,,,,,,,,,,,,,,,,,,,,,,,,,,,,,,,,,,,,,,,,,,,,,,,,,,,,,,,,,,,,,,,,,,,,,,,,,,,,
Ever Smoked,11,Ever Smoked,35.3%,64.7%,,,,,,,,,,,,,,,,,,,,,,,,,,,,,,,,,,,,,,,,,,,,,,,,,,,,,,,,,,,,,,,,,,,,,,,,,,,,,,,,,,,,
Frequency of Smoking,11,Frequency of Smoking,,,,,,,,,,,,,,,,,,,,,,,,,,,,,,,,,,,,,,,,,,,,,,,,,,,,,,,,,,,,,,,,,,,,,,,,,20.3%,21.0%,58.8%,,,,,,,,,,,
Quit Smoking in Past Yr,11,Quit Smoking in the Past Year,63.3%,36.7%,,,,,,,,,,,,,,,,,,,,,,,,,,,,,,,,,,,,,,,,,,,,,,,,,,,,,,,,,,,,,,,,,,,,,,,,,,,,,,,,,,,,
Smokeless Tobacco Use,11,Smokeless Tobacco Use,,,,,,,,,,,,,,,,,,,,,,,,,,,,,,,,,,,,,,,,,,,,,,,,,,,,,,,,,,,,,,,,,,,,,,,,,1.2%,1.6%,97.2%,,,,,,,,,,,
Smoker Status,11,Smoker Status,,,,,,,,,,,,,,,,,,,,,,,,,,,,,,,,,,,,,,,,,,,,,,,,,,,,,,,,,,,,,,,,,,,,,,,,,,,,7.1%,7.4%,20.7%,64.8%,,,,,,,
Last Smoked,11,Time Since Quit Smoking,,,,,,,,,,,,,,,,,,,,,,,,,,,,,12.0%,,,,,,,,,,,,,,,,,,,,,,,,,,,,,,,,,,,,,,,,,,,,,,,,,,,6.2%,0.9%,6.2%,9.8%,17.9%,46.3%,0.8%
Served on Active Duty,11,Served On Active Duty in the United States Armed Forces,7.5%,92.5%,,,,,,,,,,,,,,,,,,,,,,,,,,,,,,,,,,,,,,,,,,,,,,,,,,,,,,,,,,,,,,,,,,,,,,,,,,,,,,,,,,,,
