County,cve,outbreak,enrollment,population,PHR,pct_hispanic,pct_black,pct_white,pct_poverty,pct_uninsured,pct_college,median_income,pct_foreign_born
Anderson,2.54,0,7808,60303,4,19.6,18.6,58.3,13.5,18.5,15.4,NA,1.1
Andrews,1.91,3,4209,19823,9,57.5,1.6,57.7,14.2,22.4,17.7,NA,1.2
Angelina,2.5,0,15649,87492,5,23.5,12.1,63.4,11.5,17.7,17.9,NA,1.2
Aransas,2.06,0,2913,25943,11,27.1,1.3,76.9,10.7,12.8,28.8,NA,1.5
Archer,2.7,0,2110,8976,2,9.4,1.5,88.9,4.5,13.9,25.4,NA,0.8
Armstrong,5.24,0,297,1806,1,12,0.6,89.9,6,4.2,27.2,NA,0.5
Atascosa,1.08,1,9046,52314,8,65.4,1.2,46.4,13.6,19.5,15.7,NA,1.2
Austin,3.55,0,6290,32958,6,27.8,7.9,66.6,10.6,16.7,25.1,NA,1.1
Bailey,0.8,2,1330,7057,1,66,0.9,71.3,7.4,28.6,15.2,NA,3.7
Bandera,3.78,0,2461,22918,8,21,1.2,77.2,8.5,13.3,27.2,NA,1.5
Bastrop,2.09,0,21555,116842,7,45,5.8,54.2,7,21.8,25,NA,1.4
Baylor,0.88,0,594,3529,2,13.1,1.2,82.5,16,20.6,25.3,NA,1.6
Bee,1.48,0,5097,30125,11,61.8,7.3,44.2,11.8,18.8,14,NA,0.8
Bell,2.42,0,77364,402069,7,26.3,22.9,49.1,11.2,14,27.2,NA,5.1
Bexar,2.01,1,353807,2167567,8,59.7,7.9,42.3,11.2,16,31.8,NA,2.6
Blanco,7.22,0,1809,13682,7,18.6,1.1,80.4,7.4,14.7,35.4,NA,0.9
Borden,8.15,1,249,642,1,8.4,0.6,90.5,9,2.7,36.9,NA,1
Bosque,3.66,0,2805,18703,7,19.1,1.2,77.1,7.1,17.6,20.4,NA,0.8
Bowie,2.79,0,17435,92206,4,8.6,24.8,64.1,11.6,13.4,23.6,NA,0.8
Brazoria,0.47,0,74745,412599,6,31.6,16.2,47.7,5.5,12.7,33.1,NA,1.5
Brazos,1.53,0,31112,249858,7,27.4,10.5,63.2,12.2,12.2,43,NA,1.6
Brewster,6.64,1,1093,9262,10,42.1,0.6,68.9,4,15.4,45.5,NA,1
Briscoe,9.79,0,204,1456,1,26.1,6.1,83.7,14,19.8,23.1,NA,0.5
Brooks,0.5,0,1180,6645,11,90.1,0.6,24.1,13.4,21.4,17,NA,0.8
Brown,3.05,1,6109,38346,2,22.5,3.7,74.8,13,15.5,20.2,NA,0.6
Burleson,1.5,0,3128,20660,7,22.7,10.6,69.6,9,12.6,23.5,NA,0.3
Burnet,7.13,0,7210,57023,7,23.4,1.2,79.3,5.7,18.9,28.5,NA,1.1
Caldwell,1.8,0,8463,52987,7,57,4.9,47.1,7.5,21.4,19.3,NA,1.2
Calhoun,1.13,0,3514,20228,8,49.4,2.6,55.5,5.8,6.8,20.1,NA,0.7
Callahan,4.71,0,2608,14746,2,11.2,1.2,83.5,6.2,15.5,24,NA,0.8
Cameron,0.47,0,84131,433199,11,89.3,0.6,35.4,21.3,25.8,22.1,NA,1.2
Camp,1.69,0,2245,12881,4,27.4,15.6,59.1,13.7,19.5,22.2,NA,1.3
Carson,5.23,1,1072,5648,1,10.9,0.7,90.3,3.6,11.7,26.4,NA,0.3
Cass,3.58,0,5268,28474,4,5.4,16.2,76.4,11.7,13.5,18.9,NA,0.4
Castro,1.12,0,1526,7490,1,65.6,1.2,40.8,18.2,22.2,18.6,NA,0.7
Chambers,2.92,0,10989,57010,6,26.5,8.2,68,10.1,15.9,21.9,NA,1.1
Cherokee,1.28,0,8027,53809,4,23.9,12.8,65.1,14.5,19.9,18.9,NA,0.6
Childress,0.41,0,978,6577,1,31.9,6.7,63.9,14.4,14.2,11.8,NA,0.5
Clay,4.9,0,1767,10752,2,7.1,1,89.8,5.5,17.6,22.4,NA,1.6
Cochran,4.55,14,666,2596,1,60.2,4.9,42.7,23.2,27.2,8.2,NA,1.1
Coke,3.06,0,501,3505,9,21.1,1.3,84.3,17.8,11.2,23,NA,0.3
Coleman,3.65,0,1218,8188,2,16.6,4.6,77.7,15,21.3,16.8,NA,0.4
Collin,4.25,1,250590,1272999,3,16.1,11,53.5,4.7,9.5,56.2,NA,1.7
Collingsworth,10.68,0,534,2607,1,32.6,4.4,57.3,21.4,22.1,25.6,NA,1.3
Colorado,1.29,0,3697,21543,6,30.5,10.3,59.7,5.5,12.6,22.9,NA,0.3
Comal,4.92,0,40047,207603,8,28.4,2.7,71.1,4.3,10.5,43.3,NA,1.8
Comanche,2.3,0,2274,14524,2,29.5,0.4,69.7,12.4,20.7,21.4,NA,0.4
Concho,2.54,0,521,3322,9,31.9,4.7,67.5,10.6,17.4,14.1,NA,0.6
Cooke,3.57,0,6824,44986,3,20.9,3.2,77.2,9.8,16.1,23.7,NA,1.5
Coryell,2.6,0,11201,87186,7,20.7,14.3,58.6,7.5,10.6,19.3,NA,5.7
Cottle,2.65,0,156,1220,2,42,2.3,50.7,18.6,11.2,21.1,NA,0.4
Crane,0.43,0,1233,4743,9,68.9,3.1,40.1,7.5,18.6,12.6,NA,1
Crockett,0.67,0,621,2723,9,66.8,0.2,33,1.8,2.3,10.7,NA,3.9
Crosby,1.79,0,893,5169,1,56.3,3.5,65.8,15.5,20.2,15.4,NA,1
Culberson,0.52,0,381,2282,10,78,0.2,51.3,12.1,19.2,15.8,NA,2.5
Dallam,2.06,7,2071,7831,1,54.3,0.2,50.9,10.7,24.4,11.9,NA,0.3
Dallas,1.81,0,485061,2691548,3,41.3,22.4,34.7,10.8,21.5,35.7,NA,1.5
Dawson,4.08,26,2117,11655,1,55.8,6.7,49.5,16.9,22.5,12.7,NA,0.4
Deaf Smith,0.23,0,4110,18794,1,76.4,2.6,40.5,14.3,21,11.4,NA,0.3
Delta,0.67,0,1044,5531,4,9.2,8.1,81.3,9.9,9.5,14.9,NA,0.3
Denton,4.81,0,147737,1058299,3,20.5,11,56.9,4.4,10.6,49.4,NA,1.8
Dewitt,2.14,0,NA,20471,8,35.7,6.1,58.9,14.5,17,16.9,NA,0.4
Dickens,1.49,0,280,1741,1,32.8,1.4,74.6,11.6,12,18,NA,0.2
Dimmit,0.11,0,1852,8021,8,87.1,1.1,14.4,31.7,14.5,9.8,NA,1
Donley,4.21,0,496,3172,1,12.6,5.2,84.2,2.5,17.9,16.6,NA,0
Duval,0.57,0,2346,9963,11,81.6,0.7,55.4,17.9,22.2,6.8,NA,0.1
Eastland,3.99,2,2515,18223,2,17.3,2.2,80.8,10.5,15.3,21.8,NA,0.6
Ector,1.6,12,35221,175677,9,63.5,4.5,48.1,14,22.1,17.6,NA,1.8
Edwards,2.35,0,440,1421,8,43,2.1,74.4,27.5,19.2,26.1,NA,0.2
El Paso,0.73,59,160313,235760,10,82.7,3.4,29.6,16.3,21.6,25.9,NA,2.1
Ellis,3.71,0,45703,879329,3,28.2,14.5,59.6,5.3,15,30.1,NA,0.9
Erath,3.74,1,13913,43427,3,22.3,1.9,79.3,10.1,15.2,32.1,NA,1.3
Falls,1.19,0,2358,17855,7,25,18.7,57.9,9.3,16.9,19.5,NA,0.7
Fannin,4.12,4,5523,39397,3,13.1,5.9,81.2,9.1,14.3,19.5,NA,0.7
Fayette,2.05,0,3755,25486,7,22.1,5.8,76,5.3,9.9,27.5,NA,0.6
Fisher,2.23,0,570,3736,2,28,3.4,75.6,12.3,11.7,17.1,NA,0.7
Floyd,1.64,0,1062,4970,1,58.1,2.4,62.5,16.7,23.3,14.9,NA,0.7
Foard,1.55,0,189,1025,2,11.9,0.3,83.7,0,19.1,20.6,NA,0
Fort Bend,1.28,0,133591,971689,6,24.7,20.8,33.6,6.5,11.7,50.2,NA,1.9
Franklin,3.28,0,1608,11231,4,14.7,5.4,77.7,8.2,15,27.8,NA,0.6
Freestone,1.82,0,3520,20554,7,17.2,14.5,65.7,9.8,12.6,16.5,NA,0.7
Frio,0.4,0,2794,19614,8,77.8,5.1,33,15.6,15.1,11.9,NA,0.8
Gaines,14.54,414,3764,23167,1,40.3,2.1,70.2,4.5,36.7,11.7,NA,1.4
Galveston,2.97,0,80828,368857,6,26.4,12.3,60.3,9,13.6,34.8,NA,1.7
Garza,2.71,2,818,5376,1,49.5,10.1,48.7,5.2,18,10.2,NA,0.2
Gillespie,7.04,0,3641,28875,8,22.9,0.3,81.9,6.5,13.9,37.2,NA,0.9
Glasscock,2.55,0,293,1154,9,27,0,70.8,6.8,25.1,29.2,NA,2.1
Goliad,1.51,0,1244,7399,8,32.3,5.3,73.4,11.5,13.4,21.4,NA,0.6
Gonzales,1.27,0,3875,20311,8,51.1,6.5,53.8,14.9,18,11.9,NA,1
Gray,1.64,0,3545,20887,1,31.4,4.6,77.1,12.5,17.7,16.2,NA,0.4
Grayson,3.04,0,25810,152665,3,16.3,5.2,76.3,8.2,15.7,23.9,NA,0.9
Gregg,2.72,0,22913,127815,4,20.2,18,57.6,12.1,16.5,22.9,NA,1.1
Grimes,3.03,0,4971,33510,7,25.5,11.4,61.2,10,18.3,19.7,NA,0.8
Guadalupe,2.26,0,26648,196392,8,39,7.9,55.1,7.1,11,31.4,NA,2.9
Hale,1.3,5,5789,31802,1,61.3,4.6,52.6,15.9,21,15.3,NA,0.7
Hall,4.79,0,525,2670,1,35.5,4.1,60.2,12.6,15.6,21.4,NA,0
Hamilton,5.21,0,1450,9071,7,14.2,2,84.2,14.2,13.5,26.8,NA,0.3
Hansford,1.56,0,1229,4977,1,50.2,0.1,64.9,8.2,21.3,36.4,NA,1.2
Hardeman,0.79,1,623,3367,2,25.6,3.4,73.6,5.1,15.6,16.8,NA,0.7
Hardin,3.96,0,11144,59494,5,6.8,5.7,83.9,10,15.9,21,NA,0.7
Harris,1.76,0,879002,5003892,6,44,19,34.4,13.1,20.9,34.2,NA,1.8
Harrison,2.34,0,31964,71364,4,14.8,20.3,62.4,11.3,14.1,22.7,NA,0.7
Hartley,1.75,0,357,4916,1,31.2,6,69.6,10,16.5,20.7,NA,0.6
Haskell,2.45,0,793,5445,2,26.4,5.9,76.6,12.2,16.2,22.8,NA,1.2
Hays,3.08,0,44919,294840,7,39.4,4.1,60.5,6.1,11.6,43.2,NA,1.8
Hemphill,3.03,0,758,3210,1,32.6,3.6,78.9,1.6,18.4,21.9,NA,0.9
Henderson,3.94,0,10190,88009,4,14.8,5.1,77.6,10.8,16.7,20.7,NA,0.7
Hidalgo,0.79,0,264624,928384,11,91.9,0.7,27.8,23.3,28.2,20.6,NA,1.2
Hill,3.01,0,6430,39598,7,23.1,5.6,75,10.8,18.6,18,NA,1.1
Hockley,2.9,7,4584,21620,1,50.2,3.4,57.2,11,19.1,18.9,NA,0.8
Hood,5.54,0,9371,70130,3,13.8,1.1,84.6,6.1,14.2,32.9,NA,1
Hopkins,3.01,0,6713,39012,4,18.7,7,79.7,8.9,18.7,21.9,NA,0.5
Houston,2.96,0,3038,21771,5,14.5,20.9,61.3,9.2,11.5,14.8,NA,0.4
Howard,1.83,0,5155,33949,9,47.7,5.1,64.1,10.6,13.6,15.7,NA,0.7
Hudspeth,0.91,0,566,3792,10,66.7,1.5,32.1,13.7,31.4,9.6,NA,1.3
Hunt,3.29,0,17062,118261,3,21.5,8,70.3,9,17,22.6,NA,1.6
Hutchinson,2.95,0,3635,20223,1,24.8,2.2,70.4,9.1,13.1,16.8,NA,0.8
Irion,5.78,0,334,1475,9,27.5,0.1,72.5,8.1,14.8,28.3,NA,0
Jack,3.06,0,1613,9606,2,18.7,2.9,85.5,8.1,18,14.5,NA,0.1
Jackson,1.54,0,3399,15034,8,33.4,6.6,67.4,11.4,16.8,16.6,NA,1
Jasper,4.93,0,5792,32954,5,7,15.3,74.1,19.1,18.8,14,NA,0.5
Jeff Davis,2.7,0,714,2035,10,30.1,0,68.6,17.4,14.5,35.9,NA,0.3
Jefferson,2.38,0,40983,258038,5,24.1,33,40.2,16.4,20.6,19.7,NA,0.9
Jim Hogg,0.11,0,967,4697,11,91.4,0.3,33.5,34,29,14.8,NA,0.4
Jim Wells,1.75,0,7302,38468,11,79.5,1.4,68,20.5,20.9,16.3,NA,0.5
Johnson,4.53,0,38452,209341,3,25.3,5.4,71.9,7.2,16.3,25.2,NA,1.2
Jones,2.48,0,2572,21101,2,28.6,10.1,63.3,11.8,19.3,12,NA,1
Karnes,0.81,0,2383,15196,8,53.4,9.5,51,13.6,15.8,14.3,NA,0.8
Kaufman,2.73,0,42263,200711,3,27.4,18.6,54.2,7.7,15,26.5,NA,1.1
Kendall,6.49,0,12218,50790,8,24.4,0.9,75.2,3.5,10.8,48.9,NA,1.6
Kenedy,4.71,0,126,338,11,88.3,0.7,20,0,24.8,13,NA,0
Kent,4.07,0,169,730,2,16.1,1,85,1.6,3.8,26.3,NA,2.2
Kerr,4.52,0,6716,53984,8,26.8,1.6,73.9,7.2,17.3,31.3,NA,1.1
Kimble,4.37,0,589,4383,9,26.5,1.4,74,5.6,13.7,27.1,NA,0.5
King,8.79,0,93,268,1,16.6,0,69.2,15.3,7.6,38.9,NA,0
Kinney,2.78,0,521,3108,8,57.5,0.1,63.1,8.5,21.7,11.8,NA,7.1
Kleberg,1.63,0,4444,31032,11,71.4,3.8,42.1,19.3,16.2,23.2,NA,0.8
Knox,0.94,0,710,3246,2,33.5,4.9,68.1,11.9,17.7,13.5,NA,1.1
La Salle,0.83,0,1157,51503,8,71.8,5.8,33.3,19,17.5,11.8,NA,1.9
Lamar,3.24,28,8516,12620,4,9.6,12.1,75.1,15.7,19.3,21.6,NA,1.9
Lamb,2.95,1,2630,23572,1,58.3,3.7,68.4,9.3,25.1,14.3,NA,0.5
Lampasas,4.29,0,3956,6735,7,20.5,4,76.8,6.8,12.9,24.3,NA,3.7
Lavaca,2.92,0,2547,20919,8,20.1,3.6,74,8.6,10.5,22.2,NA,0.2
Lee,2.29,0,3108,18432,7,26.6,9.6,65.8,11.5,16.1,20.9,NA,1
Leon,2.57,0,3286,16884,7,16.7,7.2,75.9,12.8,17.2,18.6,NA,1.3
Liberty,1.24,0,24410,117976,6,39.6,7.6,56.8,15.9,26.2,11.9,NA,1.1
Limestone,1.46,0,3628,22049,7,23.5,17.1,59.1,10.9,17.7,18.5,NA,0.6
Lipscomb,4.15,0,611,2745,1,38.6,0,70.9,11.7,18.1,22.4,NA,1.6
Live Oak,1.62,0,1629,12111,11,42.3,2.3,69.7,15,18.3,15.9,NA,0.6
Llano,4.45,0,1968,23181,7,13.4,0.3,87.4,9.1,15.8,32.4,NA,1.5
Loving,0,0,NA,55,9,0,0,93.9,0,0,0,NA,0
Lubbock,2.12,52,51155,329582,1,36.2,7.4,63,11.2,13.9,33.4,NA,0.9
Lynn,5.12,2,1706,6326,1,41.2,1.8,61.9,13.7,12.9,26.8,NA,0.2
Madison,1.58,0,2710,7489,7,26.2,15.5,59.2,10.5,12.9,18.4,NA,1.6
Marion,3.11,0,1125,270957,4,4.8,21.9,70.4,11.3,14.3,15.6,NA,0.3
Martin,3.11,3,1303,563,9,47.7,2.8,67.2,3.5,17.1,20.9,NA,0
Mason,3.75,0,700,14184,9,18.9,0.1,84.5,1.1,13.5,38.8,NA,0.6
Matagorda,1.91,0,6951,10067,6,43.7,10.3,52.5,16.8,17.9,22.2,NA,1.3
Maverick,0.39,0,13820,5154,8,94.8,0.2,17.2,20.1,23.4,14.3,NA,1.7
Mcculloch,1.68,0,NA,4086,9,30.5,0.9,69,11.7,19.8,23.9,NA,1
Mclennan,1.82,9,NA,36405,7,27,13.9,58.7,10.5,14.2,28.7,NA,1.1
Mcmullen,8.3,0,NA,58621,11,62.1,0,43.7,12.4,15,20.1,NA,0.1
Medina,1.05,0,14942,56647,8,51.5,2.9,58.2,6.2,11.6,23.1,NA,1.6
Menard,1.22,0,264,1877,9,25.7,0.4,75.1,11.7,23.6,24,NA,1
Midland,2.42,6,33445,184344,9,46,7.2,55.9,8.9,14.5,31,NA,1.1
Milam,1.73,0,4276,26199,7,26,8.3,69.1,9.4,15.7,20.6,NA,1
Mills,0,0,767,4547,7,21,0.7,77,6.8,10.8,27.9,NA,0.6
Mitchell,0.87,0,1288,8858,2,38.8,8.5,61.4,5,17.5,11.5,NA,0.3
Montague,7.25,0,3240,22362,2,12.3,0.1,89.8,11.6,14.5,18.9,NA,0.4
Montgomery,3.88,0,132289,775723,6,27.9,6.4,66.8,7.3,15.1,38.8,NA,2.1
Moore,1.08,0,4974,22110,1,61,4.9,48.7,16.5,22.8,12.3,NA,1.5
Morris,1.02,0,1879,11994,4,11.2,22.4,62.8,14.6,12.7,16,NA,0.8
Motley,7.36,0,179,1035,1,10.1,5.3,80.5,15.1,20.7,19.3,NA,0.1
Nacogdoches,2.22,0,10396,64105,5,21.6,16.7,62,16.5,15.4,28.2,NA,0.5
Navarro,2.13,0,10623,55841,3,32.1,9.4,58.3,12.9,18.4,18.2,NA,0.9
Newton,4.39,0,1750,11810,5,3.6,17.3,74.6,11.8,19.2,6.8,NA,0.4
Nolan,2.28,0,14455,14432,2,37.4,2.7,66.4,16.7,13.3,16,NA,0.5
Nueces,1.7,0,56536,359942,11,62.5,3.9,45.8,13.4,17.6,23.8,NA,1.2
Ochiltree,1.33,0,1802,9759,1,56.8,0,67.6,7.4,25.6,20.7,NA,0.1
Oldham,4.62,0,844,1812,1,27.8,8.8,70.8,11.6,18.9,21.4,NA,0.3
Orange,5.05,0,15015,85934,5,9.6,7.8,79.3,9.9,14.9,17.7,NA,0.5
Palo Pinto,3.68,0,4717,29927,3,20.6,2.4,79,12,18.2,17.8,NA,1
Panola,4.34,0,3981,22889,4,10.4,11.3,72.7,8.6,17,17,NA,0.6
Parker,5.9,0,26953,179074,3,14.7,1.3,83.2,6.1,13.2,32.3,NA,1.1
Parmer,1.07,5,2164,9288,1,66.7,0.3,64,8.9,24.1,16.9,NA,0.2
Pecos,3.39,0,14033,15744,9,71.3,4.6,50.2,15.3,16.5,14.1,NA,0.4
Polk,1.96,0,7045,54730,5,15.3,7.7,74.5,14.8,14.4,16.2,NA,0.8
Potter,2.3,1,32725,117502,1,39.3,10.6,55.8,14.6,19.3,18.6,NA,1.5
Presidio,0.55,0,1279,6187,10,79.5,0.7,45.2,24.7,33.6,28,NA,1.2
Rains,3.94,0,1712,13512,4,10.3,2.5,84.3,8,17.5,20.9,NA,1.5
Randall,3.67,1,11565,151067,1,24.6,3.5,74.3,7.4,11,33.7,NA,0.9
Reagan,0.7,0,855,3414,9,68.7,5.8,38.2,6.4,19,13.6,NA,0.3
Real,3.77,0,518,2737,8,18.9,0.7,93.3,13.8,16.2,21.1,NA,2
Red River,1.75,0,1976,11793,4,7.5,16.3,74.9,12.7,16.5,15.4,NA,0.8
Reeves,1.88,2,3065,15034,9,85.3,1.8,38.8,13.3,17.5,7.4,NA,1.6
Refugio,3.31,0,1197,6848,11,50.4,7.2,56.6,13.8,16.1,14,NA,0.1
Roberts,1.14,0,177,813,1,6.6,0.4,93.5,2.9,11.1,20.5,NA,1.3
Robertson,1.38,0,3408,17653,7,22.2,17.2,61.5,9.6,11.3,22,NA,1.3
Rockwall,5.35,1,29269,135364,3,20.8,9.3,67.6,3.3,8.7,44.5,NA,1.3
Runnels,1.88,0,1960,9611,2,34.9,2.9,64.4,8.6,16.7,19.1,NA,1.1
Rusk,2.83,0,7717,53498,4,19.1,13.2,65.6,10.3,13.7,17.5,NA,0.8
Sabine,5.11,0,1426,9984,5,1.6,6.8,85.7,6.5,12.8,14.3,NA,0.3
San Augustine,3.48,0,974,7887,5,8.3,21.5,69.4,17,19.4,13.8,NA,0.1
San Jacinto,2.64,0,3553,28777,5,19.2,8.8,72.5,16.1,17.7,16.2,NA,1.6
San Patricio,1.55,0,13848,71946,11,56.5,1.5,55.8,11.8,18.7,17.5,NA,1.1
San Saba,4.64,0,981,5626,7,30.7,2.5,72.5,10.8,27,24,NA,1.3
Schleicher,0.76,0,415,2238,9,53.2,0.5,48.8,8.5,22.8,18.4,NA,0
Scurry,1.24,0,2859,16044,2,43.3,3.3,64.5,9.5,16.8,13,NA,0.7
Shackelford,3.79,0,589,2938,2,12.9,0.9,83.7,5.9,13.4,34.1,NA,0.3
Shelby,2.74,0,5174,24094,5,19.9,15.1,64.2,17.2,20.9,15.1,NA,0.4
Sherman,2.81,0,669,2773,1,46.6,0.1,57.4,9.3,16.3,30.2,NA,0.2
Smith,4.48,0,40442,245101,4,20.9,16.3,66.5,7.7,16.9,28.6,NA,1.4
Somervell,6.48,0,2180,10288,3,18.2,1.3,83.2,5.5,12.4,29.3,NA,1.2
Starr,0.06,0,15488,66763,11,97.2,0.4,32.9,31,28.9,13.6,NA,1.5
Stephens,5.5,0,1374,9210,2,25.1,3.1,78.2,12,13.8,17.2,NA,0.4
Sterling,5.03,0,355,1350,9,35.7,0.1,72.5,1.2,26.4,24.5,NA,0.2
Stonewall,0.57,0,181,1237,2,20,0.4,88.7,7.4,12.7,16.9,NA,0
Sutton,2.27,0,643,3350,9,63.4,0.1,45.4,3.2,15.8,18.3,NA,0.4
Swisher,1.69,0,1316,6790,1,46.3,7.8,59.5,23,23.3,15.5,NA,0.1
Tarrant,3.3,0,336474,2245229,3,30.3,17.7,48.2,8.2,16.7,34.8,NA,1.9
Taylor,2.61,0,39617,149153,2,25.1,8.1,67.2,10.6,14.1,29.3,NA,1.3
Terrell,0,0,114,737,9,40.1,0,69.8,3.2,15.2,26.9,NA,0
Terry,3.18,60,2086,11581,1,56.9,3.3,47.1,14.9,26.9,9.8,NA,0.2
Throckmorton,6.95,0,322,1587,2,10.3,0,88.8,19.2,20.6,22.4,NA,0
Titus,1.51,0,6972,31626,4,45,10.3,53.5,13.9,21.5,16.3,NA,0.6
Tom Green,2.21,0,20905,123326,9,40.6,3.9,63.1,7.6,15.5,25.5,NA,1.6
Travis,3.01,0,193926,1395906,7,32.6,8.2,54.9,7.1,12.1,56.6,NA,2.1
Trinity,2.08,0,2257,14510,5,11.2,8.1,78.8,12.8,16,16.8,NA,0.8
Tyler,3.08,0,3382,20574,5,8.4,10.7,77.9,11.1,15.7,12.4,NA,0.6
Upshur,5,5,7416,44174,4,10.4,7.2,79.3,10.1,13.8,18.2,NA,0.9
Upton,1.07,0,785,3296,9,54.7,1.2,46.9,11.3,18.8,8.7,NA,0.5
Uvalde,2.01,0,5085,24344,8,70.9,0.3,58.7,20.8,18.7,19.8,NA,1.1
Val Verde,0.53,0,9943,48163,8,81.2,1.4,49,13.7,17.5,22.5,NA,1.8
Van Zandt,4.71,0,10738,65449,4,13.4,2.3,84.3,8.3,18.4,19.8,NA,0.6
Victoria,1.43,0,13870,90845,8,48.1,5.9,56.6,11.2,17.2,19.9,NA,0.9
Walker,2.73,0,12513,80914,6,21.8,20.2,58.2,10.8,15.4,21.6,NA,1.5
Waller,2.06,0,14374,65997,6,33.5,23.6,44.6,10.2,20.1,27.9,NA,1.1
Ward,2.68,0,2338,11762,9,56.2,6.6,60.3,12.8,18.9,12.4,NA,1.2
Washington,2.75,0,5495,38024,7,18.5,14.2,66.8,9.2,14.5,30.7,NA,0.4
Webb,0.33,0,61575,277406,11,95,0.5,20.7,18.6,27.3,21.4,NA,1.6
Wharton,1.04,0,7729,42154,6,42,11.4,57.4,10.7,14.2,20.7,NA,0.7
Wheeler,3.75,0,985,4936,1,25.4,1.4,80.8,14,21.2,17,NA,0.8
Wichita,2.09,0,19355,128927,2,20.7,10.6,70.9,11.7,15.6,25.1,NA,1.4
Wilbarger,1.49,0,2110,12566,2,30.2,5.9,62.6,16.1,8.9,17.2,NA,1
Willacy,0.27,0,3889,20510,11,87.3,1.5,39.8,18.9,23.9,14,NA,1.5
Williamson,3.95,0,136040,737942,7,24.7,7,59.6,4.4,9.8,48.4,NA,2.1
Wilson,2.88,0,9448,56383,8,39.9,2,67.8,7.6,11,25.9,NA,1.4
Winkler,0.89,0,1777,7731,9,62.5,3.9,50.6,8.6,19,10.6,NA,1.4
Wise,5.92,0,10549,75954,3,21.1,1.7,80.2,5.9,14.9,22.2,NA,1.3
Wood,4.34,0,6349,47953,4,11.6,3.8,81.9,8.9,17.1,21.5,NA,0.7
Yoakum,2.35,1,1897,7519,1,65.6,0.1,45.2,12.7,22.5,20.1,NA,2.5
Young,3.47,0,3066,18024,2,20.5,0.8,81.6,13.3,18.6,24,NA,0.8
Zapata,0.06,0,3290,13963,11,93.9,0.1,21.1,35.7,27.6,15.2,NA,1.6
Zavala,0.15,0,2082,9546,8,92.6,0.8,22.1,30.6,14.9,11.1,NA,0.6
