variable,phr,percent
any_cancer_no,1,89.9
any_cancer_yes,1,10.1
any_drinking_past_month_no,1,59.2
any_drinking_past_month_no,8,45.6
any_drinking_past_month_no,11,61.4
any_drinking_past_month_yes,1,40.8
any_drinking_past_month_yes,8,54.4
any_drinking_past_month_yes,11,38.6
arthritis_no,8,79.4
arthritis_yes,8,20.6
asthma_status_current,1,6.3
asthma_status_current,8,7.8
asthma_status_current,11,5.8
asthma_status_former,1,3.3
asthma_status_former,8,4.6
asthma_status_former,11,3.5
asthma_status_never,1,90.3
asthma_status_never,8,87.6
asthma_status_never,11,90.7
binge_drinking_no,1,86.3
binge_drinking_no,8,81.3
binge_drinking_no,11,84.6
binge_drinking_yes,1,13.7
binge_drinking_yes,8,18.7
binge_drinking_yes,11,15.4
blind_no,11,94.1
blind_yes,11,5.9
bmi_4_categories_obese,1,32.5
bmi_4_categories_obese,8,33
bmi_4_categories_obese,11,41.7
bmi_4_categories_overweight,1,35.3
bmi_4_categories_overweight,8,38.5
bmi_4_categories_overweight,11,33
bmi_4_categories_recommended_range,1,30
bmi_4_categories_recommended_range,8,27.6
bmi_4_categories_recommended_range,11,24.3
bmi_4_categories_underweight,1,2.1
bmi_4_categories_underweight,8,0.9
bmi_4_categories_underweight,11,1
copd_no,1,95
copd_yes,1,5
coronary_heart_disease_no,1,95.7
coronary_heart_disease_no,8,96.1
coronary_heart_disease_no,11,95.3
coronary_heart_disease_yes,1,4.3
coronary_heart_disease_yes,8,3.9
coronary_heart_disease_yes,11,4.7
current_asthma_no,1,34.7
current_asthma_no,8,37.3
current_asthma_no,11,37.6
current_asthma_yes,1,65.3
current_asthma_yes,8,62.7
current_asthma_yes,11,62.4
current_smoker_no,1,81.3
current_smoker_no,8,85.4
current_smoker_no,11,85.5
current_smoker_yes,1,18.7
current_smoker_yes,8,14.6
current_smoker_yes,11,14.5
dentist_visit_past_year_no,1,45.5
dentist_visit_past_year_no,8,37.7
dentist_visit_past_year_no,11,47.3
dentist_visit_past_year_yes,1,54.5
dentist_visit_past_year_yes,8,62.3
dentist_visit_past_year_yes,11,52.7
diabetes_eye_exam_2_or_more_years,8,12.5
diabetes_eye_exam_never,8,9.3
diabetes_eye_exam_within_the_past_2_years,8,9.3
diabetes_eye_exam_within_the_past_month,8,17.6
diabetes_eye_exam_within_the_past_year,8,51.3
diabetes_no_borderline_or_pre_diabetes,1,0.3
diabetes_no_borderline_or_pre_diabetes,8,1.7
diabetes_no_borderline_or_pre_diabetes,11,1
diabetes_status_no,1,89.9
diabetes_status_no,1,90.9
diabetes_status_no,8,82.4
diabetes_status_no,8,85.5
diabetes_status_no,11,81.1
diabetes_status_no,11,83.5
diabetes_status_yes,1,9.1
diabetes_status_yes,1,9.1
diabetes_status_yes,8,14.5
diabetes_status_yes,8,14.5
diabetes_status_yes,11,16.5
diabetes_status_yes,11,16.5
diabetes_test_no,1,52.2
diabetes_test_no,8,45.6
diabetes_test_no,11,45.2
diabetes_test_yes,1,47.8
diabetes_test_yes,8,54.4
diabetes_test_yes,11,54.8
diabetes_yes_but_during_pregnancy,1,0.7
diabetes_yes_but_during_pregnancy,8,1.4
diabetes_yes_but_during_pregnancy,11,1.3
difficulty_concentrating_no,11,87.5
difficulty_concentrating_yes,11,12.5
difficulty_doing_errands_alo_no,1,94.3
difficulty_doing_errands_alo_yes,1,5.7
difficulty_walking_no,1,86.6
difficulty_walking_yes,1,13.4
disability_status_no,1,79
disability_status_no,11,71.4
disability_status_yes,1,21
disability_status_yes,11,28.6
durationclnscpysgmy_5_or_more_years_ago,8,16.8
durationclnscpysgmy_5_or_more_years_ago,11,13.9
durationclnscpysgmy_within_the_past_2_years,8,17.7
durationclnscpysgmy_within_the_past_2_years,11,24.6
durationclnscpysgmy_within_the_past_3_years,8,15.8
durationclnscpysgmy_within_the_past_3_years,11,16.7
durationclnscpysgmy_within_the_past_5_years,8,19.8
durationclnscpysgmy_within_the_past_5_years,11,17.5
durationclnscpysgmy_within_the_past_year,8,25.1
durationclnscpysgmy_within_the_past_year,11,23.7
ever_had_blood_stool_test_no,1,75.7
ever_had_blood_stool_test_no,8,71.1
ever_had_blood_stool_test_no,11,73.2
ever_had_blood_stool_test_yes,1,24.3
ever_had_blood_stool_test_yes,8,28.9
ever_had_blood_stool_test_yes,11,26.8
ever_smoked_no,1,57.5
ever_smoked_no,8,62.7
ever_smoked_no,11,64.7
ever_smoked_yes,1,42.5
ever_smoked_yes,8,37.3
ever_smoked_yes,11,35.3
fair_or_poor_health_fair_or_poor_health,8,18.4
fair_or_poor_health_fair_or_poor_health,11,27.7
fair_or_poor_health_good_or_better_health,8,81.6
fair_or_poor_health_good_or_better_health,11,72.3
flu_shot_18_64_no,1,73.8
flu_shot_18_64_no,8,66
flu_shot_18_64_no,11,75.2
flu_shot_18_64_yes,1,26.2
flu_shot_18_64_yes,8,34
flu_shot_18_64_yes,11,24.8
health_care_provider_more_than_one,1,8.7
health_care_provider_more_than_one,8,9.9
health_care_provider_more_than_one,11,7.3
health_care_provider_no,1,31.3
health_care_provider_no,8,32.6
health_care_provider_no,11,35
health_care_provider_yes_only_one,1,60
health_care_provider_yes_only_one,8,57.5
health_care_provider_yes_only_one,11,57.7
hlth_affected_activ_14_days_14_or_more_days,8,6.5
hlth_affected_activ_14_days_none_to_less_than_14_days,8,93.5
hysterectomy_no,1,66.7
hysterectomy_no,11,76.6
hysterectomy_yes,1,33.3
hysterectomy_yes,11,23.4
kidney_disease_no,1,98
kidney_disease_no,8,96
kidney_disease_no,11,96.5
kidney_disease_yes,1,2
kidney_disease_yes,8,4
kidney_disease_yes,11,3.5
leisure_time_pa_no,8,28.3
leisure_time_pa_no,11,32.4
leisure_time_pa_yes,8,71.7
leisure_time_pa_yes,11,67.6
lifetime_asthma_no,1,90.1
lifetime_asthma_no,8,87.4
lifetime_asthma_no,11,90.5
lifetime_asthma_yes,1,9.9
lifetime_asthma_yes,8,12.6
lifetime_asthma_yes,11,9.5
mammogram_no,1,34.3
mammogram_no,11,39.6
mammogram_past_2_yrs_40_no,8,70.8
mammogram_past_2_yrs_40_yes,8,29.2
mammogram_past_2_yrs_50_74_no,11,68.7
mammogram_past_2_yrs_50_74_yes,11,31.3
mammogram_past_2_yrs_50_no,1,75.2
mammogram_past_2_yrs_50_no,8,77.1
mammogram_past_2_yrs_50_yes,1,24.8
mammogram_past_2_yrs_50_yes,8,22.9
mammogram_yes,1,65.7
mammogram_yes,11,60.4
medical_cost_no,1,82.3
medical_cost_no,8,81.7
medical_cost_no,11,74.7
medical_cost_yes,1,17.7
medical_cost_yes,8,18.3
medical_cost_yes,11,25.3
other_cancer_no,1,94.9
other_cancer_no,8,94
other_cancer_no,11,94.2
other_cancer_yes,1,5.1
other_cancer_yes,8,6
other_cancer_yes,11,5.8
overweight_or_obese_no,8,28.5
overweight_or_obese_yes,8,71.5
pap_test_past_3_yrs_21_65_no,8,75.5
pap_test_past_3_yrs_21_65_no,11,74.8
pap_test_past_3_yrs_21_65_yes,8,24.5
pap_test_past_3_yrs_21_65_yes,11,25.2
pneumonia_shot_18_no,8,70
pneumonia_shot_18_yes,8,30
pneumonia_shot_65_no,1,28.1
pneumonia_shot_65_yes,1,71.9
poor_mental_health_14_days_14_or_more_days,1,8.6
poor_mental_health_14_days_none_to_less_than_14_days,1,91.4
poor_mental_health_5_days_5_or_more_days,1,14.9
poor_mental_health_5_days_none_to_less_than_5_days,1,85.1
poor_physical_health_5_days_5_or_more_days,8,17
poor_physical_health_5_days_5_or_more_days,11,22.7
poor_physical_health_5_days_none_to_less_than_5_days,8,83
poor_physical_health_5_days_none_to_less_than_5_days,11,77.3
pre_diabetes_no,11,93.3
pre_diabetes_yes,11,5.1
pre_diabetes_yes_during_pregnancy,11,1.5
quit_smoking_in_past_yr_no,1,51.7
quit_smoking_in_past_yr_no,8,35
quit_smoking_in_past_yr_no,11,36.7
quit_smoking_in_past_yr_yes,1,48.3
quit_smoking_in_past_yr_yes,8,65
quit_smoking_in_past_yr_yes,11,63.3
removeteeth_1_to_5,1,24.1
removeteeth_1_to_5,8,29.6
removeteeth_1_to_5,11,30.7
removeteeth_6_or_more_but_not_all,1,6.1
removeteeth_6_or_more_but_not_all,8,7
removeteeth_6_or_more_but_not_all,11,7.1
removeteeth_all,1,8.1
removeteeth_all,8,2.8
removeteeth_all,11,3.6
routine_checkup_5_or_more_years,1,13
routine_checkup_5_or_more_years,8,8.9
routine_checkup_5_or_more_years,11,10.4
routine_checkup_never,1,2
routine_checkup_never,8,2.2
routine_checkup_never,11,2.2
routine_checkup_within_the_past_2_years,1,12.3
routine_checkup_within_the_past_2_years,8,12.9
routine_checkup_within_the_past_2_years,11,12.7
routine_checkup_within_the_past_5_years,1,9.6
routine_checkup_within_the_past_5_years,8,8.5
routine_checkup_within_the_past_5_years,11,9.3
routine_checkup_within_the_past_year,1,63.1
routine_checkup_within_the_past_year,8,67.5
routine_checkup_within_the_past_year,11,65.4
served_on_active_duty_no,8,86.6
served_on_active_duty_no,11,92.5
served_on_active_duty_yes,8,13.4
served_on_active_duty_yes,11,7.5
smoker_status_current_smoker_every_day,1,12
smoker_status_current_smoker_every_day,8,7.4
smoker_status_current_smoker_every_day,11,7.1
smoker_status_current_smoker_some_days,1,6.7
smoker_status_current_smoker_some_days,8,7.2
smoker_status_current_smoker_some_days,11,7.4
smoker_status_former_smoker,1,23.9
smoker_status_former_smoker,8,22.7
smoker_status_former_smoker,11,20.7
smoker_status_never_smoked,1,57.5
smoker_status_never_smoked,8,62.7
smoker_status_never_smoked,11,64.8
teeth_removed_no,1,61.6
teeth_removed_no,8,60.5
teeth_removed_no,11,58.6
up_to_date_crc_scrn_age_50_7_no,1,55
up_to_date_crc_scrn_age_50_7_yes,1,45
